{"1":{"BAS":3,"ADV":5,"EXP":10,"MAS":13.1,"genre":0},"39":{"BAS":3,"ADV":6,"EXP":8.5,"MAS":11.9,"genre":2},"B.B.K.K.B.K.K.":{"BAS":3,"ADV":5,"EXP":10,"MAS":12.4,"ULT":13.7,"genre":6},"Reach For The Stars":{"BAS":3,"ADV":6,"EXP":9.5,"MAS":13.1,"ULT":13.7,"genre":6},"初音ミクの消失":{"BAS":5,"ADV":8,"EXP":12,"MAS":14.5,"genre":2},"千本桜":{"BAS":3,"ADV":5,"EXP":8,"MAS":12.6,"genre":2},"DRAGONLADY":{"BAS":4,"ADV":6,"EXP":11.5,"MAS":14.2,"genre":6},"taboo tears you up":{"BAS":3,"ADV":6,"EXP":9.5,"MAS":13.8,"genre":3},"ナイト・オブ・ナイツ":{"BAS":3,"ADV":6,"EXP":9,"MAS":12.2,"genre":3},"一触即発☆禅ガール":{"BAS":3,"ADV":6,"EXP":9.5,"MAS":13,"genre":2},"ドーナツホール":{"BAS":2,"ADV":5,"EXP":9.5,"MAS":13.4,"genre":2},"タイガーランペイジ":{"BAS":3,"ADV":6,"EXP":9.5,"MAS":13.7,"genre":2},"Blue Noise":{"BAS":2,"ADV":4,"EXP":10.1,"MAS":14.5,"genre":6},"Lapis":{"BAS":3,"ADV":6,"EXP":9.5,"MAS":13.1,"genre":6},"鳥の詩":{"BAS":2,"ADV":5,"EXP":8,"MAS":11.3,"ULT":12.2,"genre":0},"天ノ弱":{"BAS":2,"ADV":5,"EXP":8,"MAS":11.1,"genre":2},"sweet little sister":{"BAS":3,"ADV":5,"EXP":9.5,"MAS":11.7,"genre":3},"L9":{"BAS":4,"ADV":6,"EXP":9.5,"MAS":13.6,"ULT":14.8,"genre":6},"Bad Apple!! feat.nomico":{"BAS":1,"ADV":5,"EXP":8,"MAS":11.5,"genre":3},"六兆年と一夜物語":{"BAS":3,"ADV":5,"EXP":9.5,"MAS":13.4,"ULT":14.1,"genre":2},"Unlimited Spark!":{"BAS":3,"ADV":5,"EXP":9.5,"MAS":12,"genre":3},"エピクロスの虹はもう見えない":{"BAS":2,"ADV":4,"EXP":8,"MAS":11,"genre":3},"My First Phone":{"BAS":2,"ADV":4,"EXP":10,"MAS":14,"genre":5},"Cyberozar":{"BAS":4,"ADV":7.5,"EXP":11.1,"MAS":14.2,"genre":5},"Teriqma":{"BAS":2,"ADV":5,"EXP":10,"MAS":13,"genre":5},"Invitation":{"BAS":3,"ADV":6,"EXP":8,"MAS":11.8,"genre":5},"GOLDEN RULE":{"BAS":4,"ADV":7,"EXP":11.5,"MAS":14.6,"genre":5},"名も無い鳥":{"BAS":3,"ADV":6,"EXP":9.5,"MAS":13.4,"genre":5},"Gate of Fate":{"BAS":6,"ADV":9,"EXP":12.6,"MAS":14.4,"ULT":14.9,"genre":5},"今ぞ♡崇め奉れ☆オマエらよ！！～姫の秘メタル渇望～":{"BAS":3,"ADV":6,"EXP":9.5,"MAS":14,"genre":5},"Anemone":{"BAS":2,"ADV":5,"EXP":9.5,"MAS":11.1,"ULT":13.1,"genre":5},"明るい未来":{"BAS":4,"ADV":6,"EXP":9.5,"MAS":12.8,"genre":5},"昵懇レファレンス":{"BAS":3,"ADV":5,"EXP":9,"MAS":11.5,"genre":5},"乗り切れ受験ウォーズ":{"BAS":2,"ADV":5,"EXP":8.5,"MAS":11.5,"genre":5},"The wheel to the right":{"BAS":4,"ADV":9.5,"EXP":11.9,"MAS":14.4,"genre":5},"STAR":{"BAS":3,"ADV":5,"EXP":9.5,"MAS":13.1,"genre":5},"Infantoon Fantasy":{"BAS":5,"ADV":7,"EXP":9.5,"MAS":13,"ULT":14.2,"genre":5},"Genesis":{"BAS":3,"ADV":5,"EXP":10,"MAS":14.5,"genre":5},"MUSIC PЯAYER":{"BAS":3,"ADV":6,"EXP":10.4,"MAS":14,"genre":5},"リリーシア":{"BAS":2,"ADV":5,"EXP":8.5,"MAS":11,"ULT":12.6,"genre":5},"Counselor":{"BAS":3,"ADV":6,"EXP":9.5,"MAS":12.3,"genre":5},"luna blu":{"BAS":3,"ADV":9,"EXP":13,"MAS":14.5,"genre":5},"ケモノガル":{"BAS":4,"ADV":6,"EXP":9.5,"MAS":13.8,"genre":5},"ＧＯ！ＧＯ！ラブリズム♥":{"BAS":3,"ADV":5,"EXP":9.5,"MAS":11.8,"genre":5},"Grab your sword":{"BAS":3,"ADV":6,"EXP":8,"MAS":10.4,"genre":5},"Memories of Sun and Moon":{"BAS":4,"ADV":6,"EXP":8,"MAS":13.5,"genre":5},"ロストワンの号哭":{"BAS":3,"ADV":6,"EXP":9,"MAS":13,"ULT":14.2,"genre":2},"The Concept of Love":{"BAS":3,"ADV":6,"EXP":10.7,"MAS":13.2,"genre":6},"JET":{"BAS":2,"ADV":5,"EXP":8,"MAS":12.3,"ULT":13.5,"genre":6},"L'épisode":{"BAS":4,"ADV":7.5,"EXP":12.4,"MAS":14.7,"genre":5},"Yet Another ”drizzly rain”":{"BAS":3,"ADV":5,"EXP":9.5,"MAS":12.2,"genre":3},"最終鬼畜妹・一部声":{"BAS":3,"ADV":7,"EXP":10.2,"MAS":14,"genre":3},"蒼空に舞え、墨染の桜":{"BAS":3,"ADV":5,"EXP":8.5,"MAS":12.9,"genre":3},"セツナトリップ":{"BAS":2,"ADV":5,"EXP":8,"MAS":13.8,"genre":2},"砂漠のハンティングガール♡":{"BAS":3,"ADV":5,"EXP":9,"MAS":12.7,"ULT":14.1,"genre":5},"チルノのパーフェクトさんすう教室":{"BAS":3,"ADV":5,"EXP":8,"MAS":12.5,"genre":3},"Help me, ERINNNNNN!!":{"BAS":3,"ADV":5,"EXP":8,"MAS":10.9,"genre":3},"魔理沙は大変なものを盗んでいきました":{"BAS":3,"ADV":6,"EXP":8,"MAS":12.1,"ULT":14.7,"genre":3},"言ノ葉カルマ":{"BAS":3,"ADV":7,"EXP":9.5,"MAS":12.6,"genre":9},"After the rain":{"BAS":2,"ADV":5,"EXP":8,"MAS":12,"genre":5},"Tango Rouge":{"BAS":3,"ADV":7.5,"EXP":12.2,"MAS":14.4,"genre":5},"Tuning Rangers":{"BAS":3,"ADV":5,"EXP":9.5,"MAS":13.7,"genre":5},"エンドマークに希望と涙を添えて":{"BAS":4,"ADV":7,"EXP":11.8,"MAS":14.8,"genre":5},"とーきょー全域★アキハバラ？":{"BAS":3,"ADV":7,"EXP":10.2,"MAS":13.2,"genre":5},"overcome":{"BAS":2,"ADV":4,"EXP":8.5,"MAS":11,"genre":5},"宛城、炎上！！":{"BAS":5,"ADV":9.5,"EXP":12.6,"MAS":14.8,"genre":5},"We Gonna Journey":{"BAS":3,"ADV":6,"EXP":11.1,"MAS":14.2,"ULT":14.8,"genre":5},"The ether":{"BAS":3,"ADV":5,"EXP":11.5,"MAS":13,"genre":5},"ストリーミングハート":{"BAS":3,"ADV":6,"EXP":8,"MAS":11.7,"genre":2},"Sweet Devil":{"BAS":2,"ADV":4,"EXP":9,"MAS":12.9,"genre":2},"Dreaming":{"BAS":2,"ADV":5,"EXP":8,"MAS":11.7,"genre":3},"M.S.S.Planet":{"BAS":2,"ADV":5,"EXP":8,"MAS":12.3,"genre":2},"腐れ外道とチョコレゐト":{"BAS":3,"ADV":6,"EXP":9.5,"MAS":13.5,"ULT":14.7,"genre":2},"アウターサイエンス":{"BAS":3,"ADV":6,"EXP":9,"MAS":12.8,"genre":2},"四次元跳躍機関":{"BAS":2,"ADV":5,"EXP":8,"MAS":13.8,"genre":3},"東方妖々夢 ～the maximum moving about～":{"BAS":3,"ADV":6,"EXP":9.5,"MAS":14,"genre":3},"少女幻葬戦慄曲　～　Necro Fantasia":{"BAS":3,"ADV":6,"EXP":9.5,"MAS":13.8,"genre":3},"橙の幻想郷音頭":{"BAS":1,"ADV":4,"EXP":8,"MAS":10.7,"genre":3},"The Formula":{"BAS":4,"ADV":6,"EXP":9.5,"MAS":13.7,"genre":6},"チルドレンレコード":{"BAS":3,"ADV":6,"EXP":10.2,"MAS":13.7,"genre":2},"イカサマライフゲイム":{"BAS":3,"ADV":6,"EXP":9.5,"MAS":12.5,"genre":2},"シリョクケンサ":{"BAS":3,"ADV":5,"EXP":7,"MAS":12.2,"genre":2},"HAELEQUIN (Original Remaster)":{"BAS":5,"ADV":8,"EXP":12.9,"MAS":14.9,"genre":6},"Vallista":{"BAS":4,"ADV":6,"EXP":10.1,"MAS":14.7,"genre":6},"Äventyr":{"BAS":3,"ADV":6,"EXP":9.5,"MAS":13.8,"genre":6},"Angel dust":{"BAS":4,"ADV":7,"EXP":11.8,"MAS":14.8,"genre":6},"conflict":{"BAS":4,"ADV":6,"EXP":10.7,"MAS":14.3,"genre":6},"Guilty":{"BAS":3,"ADV":6,"EXP":9,"MAS":12.8,"ULT":14.2,"genre":5},"閃鋼のブリューナク":{"BAS":4,"ADV":9,"EXP":12,"MAS":14.5,"genre":5},"Altale":{"BAS":3,"ADV":5,"EXP":9.5,"MAS":13.7,"genre":6},"ODDS&ENDS":{"BAS":2,"ADV":5,"EXP":9,"MAS":10.6,"ULT":13.5,"genre":2},"Aragami":{"BAS":3,"ADV":6,"EXP":9,"MAS":14.6,"genre":6},"Change Our MIRAI！":{"BAS":3,"ADV":5,"EXP":8.5,"MAS":12.3,"genre":7},"夕暮れワンルーム":{"BAS":3,"ADV":6,"EXP":10,"MAS":12.2,"genre":5},"こころここから":{"BAS":2,"ADV":5,"EXP":8,"MAS":10.3,"genre":5},"Theme of SeelischTact":{"BAS":3,"ADV":6,"EXP":9,"MAS":12,"ULT":14.3,"genre":5},"緋色のDance":{"BAS":3,"ADV":6,"EXP":10,"MAS":12.6,"genre":3},"brilliant better":{"BAS":3,"ADV":5,"EXP":10,"MAS":12.1,"genre":7},"Alma":{"BAS":3,"ADV":5,"EXP":9.5,"MAS":13.8,"genre":5},"Gustav Battle":{"BAS":4,"ADV":7,"EXP":12.6,"MAS":14.2,"ULT":14.8,"genre":5},"FREELY TOMORROW":{"BAS":2,"ADV":4,"EXP":8,"MAS":11.4,"genre":2},"ギガンティックO.T.N":{"BAS":3,"ADV":6,"EXP":10,"MAS":14.1,"genre":2},"フォルテシモBELL":{"BAS":2,"ADV":5,"EXP":8,"MAS":11,"genre":7},"ジングルベル":{"BAS":2,"ADV":5,"EXP":8.5,"MAS":14.5,"genre":0},"言ノ葉遊戯":{"BAS":3,"ADV":6,"EXP":9.5,"MAS":11.6,"genre":9},"私の中の幻想的世界観及びその顕現を想起させたある現実での出来事に関する一考察":{"BAS":3,"ADV":6,"EXP":9,"MAS":13.6,"genre":7},"幾四音-Ixion-":{"BAS":3,"ADV":6,"EXP":9.5,"MAS":12,"ULT":14.3,"genre":5},"ぼくらの16bit戦争":{"BAS":3,"ADV":6,"EXP":9.5,"MAS":14.1,"genre":2},"裏表ラバーズ":{"BAS":3,"ADV":6,"EXP":9.5,"MAS":12.1,"genre":2},"脳漿炸裂ガール":{"BAS":3,"ADV":7,"EXP":10.8,"MAS":13.8,"genre":2},"ネトゲ廃人シュプレヒコール":{"BAS":3,"ADV":6,"EXP":9,"MAS":11.9,"genre":2},"elegante":{"BAS":2,"ADV":5,"EXP":10,"MAS":12.5,"genre":6},"DETARAME ROCK&ROLL THEORY":{"BAS":3,"ADV":6,"EXP":9,"MAS":12,"genre":7},"XL TECHNO":{"BAS":2,"ADV":5,"EXP":12,"MAS":13.6,"genre":6},"Halcyon":{"BAS":3,"ADV":7,"EXP":10.7,"MAS":14.3,"genre":6},"Jimang Shot":{"BAS":3,"ADV":5,"EXP":9.5,"MAS":13.7,"genre":3},"stella=steLLa":{"BAS":3,"ADV":6,"EXP":10,"MAS":13.7,"genre":5},"すろぉもぉしょん":{"BAS":3,"ADV":5,"EXP":8,"MAS":11.6,"genre":2},"怒槌":{"BAS":6,"ADV":9.5,"EXP":13.9,"MAS":15.1,"genre":5},"ユクエシレズ":{"BAS":2,"ADV":5,"EXP":8,"MAS":11.5,"genre":2},"euphoric field（English）":{"BAS":2,"ADV":5,"EXP":8,"MAS":11.8,"genre":0},"ってゐ！　～えいえんてゐVer～":{"BAS":3,"ADV":5,"EXP":9.5,"MAS":11.9,"genre":3},"患部で止まってすぐ溶ける～狂気の優曇華院":{"BAS":3,"ADV":7,"EXP":11,"MAS":14.2,"ULT":14.8,"genre":3},"ひれ伏せ愚民どもっ！":{"BAS":3,"ADV":6,"EXP":10.3,"MAS":13.8,"genre":3},"エテルニタス・ルドロジー":{"BAS":3,"ADV":7,"EXP":10.1,"MAS":13.8,"genre":3},"幽闇に目醒めしは":{"BAS":2,"ADV":4,"EXP":8,"MAS":11.7,"genre":3},"Starlight Vision":{"BAS":3,"ADV":6,"EXP":9.5,"MAS":13.2,"genre":3},"Club Ibuki in Break All":{"BAS":3,"ADV":6,"EXP":9.5,"MAS":13.2,"genre":3},"Phantasm Brigade":{"BAS":3,"ADV":5,"EXP":9,"MAS":14.1,"genre":3},"永遠のメロディ":{"BAS":3,"ADV":5,"EXP":8,"MAS":12.8,"genre":3},"FREEDOM DiVE":{"BAS":5,"ADV":8,"EXP":11.5,"MAS":14.8,"genre":6},"Jack-the-Ripper◆":{"BAS":4,"ADV":8,"EXP":11.8,"MAS":14.2,"genre":6},"AVALON":{"BAS":4,"ADV":7.5,"EXP":12,"MAS":14.4,"genre":6},"ハート・ビート":{"BAS":3,"ADV":6,"EXP":10,"MAS":12.2,"genre":7},"無敵We are one!!":{"BAS":3,"ADV":6,"EXP":9.5,"MAS":12.5,"genre":7},"Contrapasso -inferno-":{"BAS":4,"ADV":9.5,"EXP":12.5,"MAS":15,"genre":5},"GEMINI -C-":{"BAS":4,"ADV":7,"EXP":11.3,"MAS":14.2,"genre":5},"FLOWER":{"BAS":3,"ADV":5,"EXP":9.5,"MAS":13,"ULT":14.2,"genre":6},"ちくわパフェだよ☆CKP":{"BAS":3,"ADV":6,"EXP":9,"MAS":11.5,"ULT":14.4,"genre":6},"SNIPE WHOLE":{"BAS":4,"ADV":6,"EXP":10.7,"MAS":13.8,"genre":5},"SAMBISTA":{"BAS":3,"ADV":7,"EXP":10,"MAS":13.7,"genre":6},"アスノヨゾラ哨戒班":{"BAS":3,"ADV":6,"EXP":9.5,"MAS":13,"genre":2},"天樂":{"BAS":3,"ADV":6,"EXP":9.5,"MAS":12.4,"genre":2},"いろは唄":{"BAS":3,"ADV":5,"EXP":9,"MAS":12.5,"genre":2},"星屑ユートピア":{"BAS":3,"ADV":6,"EXP":9.5,"MAS":11.9,"genre":2},"放課後革命":{"BAS":3,"ADV":6,"EXP":9.5,"MAS":12.8,"genre":2},"楽園ファンファーレ":{"BAS":3,"ADV":5,"EXP":9.5,"MAS":11.7,"genre":2},"サウンドプレイヤー":{"BAS":3,"ADV":5,"EXP":9,"MAS":13,"genre":5},"玩具狂奏曲 -終焉-":{"BAS":5,"ADV":9,"EXP":13.9,"MAS":15.1,"genre":5},"如月アテンション":{"BAS":2,"ADV":5,"EXP":9.5,"MAS":12.7,"genre":2},"Mr. Wonderland":{"BAS":3,"ADV":6,"EXP":11.5,"MAS":14,"genre":2},"カミサマネジマキ":{"BAS":3,"ADV":7,"EXP":11,"MAS":14.1,"genre":2},"恋愛裁判":{"BAS":2,"ADV":4,"EXP":8.5,"MAS":11.6,"genre":2},"ウミユリ海底譚":{"BAS":3,"ADV":5,"EXP":9.5,"MAS":12.5,"genre":2},"Garakuta Doll Play":{"BAS":5,"ADV":8.5,"EXP":13,"MAS":14.8,"genre":9},"洗脳":{"BAS":2,"ADV":5,"EXP":8,"MAS":11.5,"genre":9},"このふざけた素晴らしき世界は、僕の為にある":{"BAS":3,"ADV":5,"EXP":8,"MAS":12.2,"genre":2},"紅華刑":{"BAS":4,"ADV":7,"EXP":12.5,"MAS":14.4,"genre":5},"Hyperion":{"BAS":3,"ADV":6,"EXP":10.3,"MAS":13.5,"genre":5},"Elemental Creation":{"BAS":3,"ADV":7,"EXP":11.3,"MAS":14.4,"ULT":14.9,"genre":6},"アルストロメリア":{"BAS":3,"ADV":5,"EXP":9.5,"MAS":12.5,"ULT":14.3,"genre":6},"Devastating Blaster":{"BAS":3,"ADV":8,"EXP":13,"MAS":14.9,"genre":5},"夜咄ディセイブ":{"BAS":3,"ADV":6,"EXP":10.1,"MAS":13.5,"genre":2},"回レ！雪月花":{"BAS":3,"ADV":5,"EXP":9.5,"MAS":12.8,"genre":0},"Help me, あーりん！":{"BAS":3,"ADV":5,"EXP":9.5,"MAS":11.5,"genre":7},"なるとなぎのパーフェクトロックンロール教室":{"BAS":3,"ADV":6,"EXP":10.9,"MAS":13.8,"genre":7},"Schrecklicher Aufstand":{"BAS":5,"ADV":9,"EXP":13.3,"MAS":14.9,"genre":5},"ドライヴ・オン・ザ・レインボー":{"BAS":2,"ADV":5,"EXP":10.7,"MAS":13.8,"genre":5},"Philosopher":{"BAS":4,"ADV":7,"EXP":12.1,"MAS":14.5,"genre":5},"Crazy ∞ nighT":{"BAS":3,"ADV":6,"EXP":8.5,"MAS":13.2,"genre":2},"愛迷エレジー":{"BAS":3,"ADV":6,"EXP":9.5,"MAS":12.8,"genre":2},"Warcry":{"BAS":3,"ADV":7,"EXP":10.1,"MAS":14.3,"genre":5},"その群青が愛しかったようだった":{"BAS":3,"ADV":6,"EXP":10,"MAS":11.7,"genre":5},"札付きのワル　～マイケルのうた～":{"BAS":3,"ADV":6,"EXP":10.2,"MAS":13.6,"genre":5},"BOKUTO":{"BAS":3,"ADV":7.5,"EXP":10.2,"MAS":14,"genre":5},"TiamaT:F minor":{"BAS":4,"ADV":9.5,"EXP":13.7,"MAS":15,"genre":5},"Oshama Scramble! (Cranky Remix)":{"BAS":4,"ADV":7,"EXP":11.4,"MAS":14,"genre":5},"D.E.A.D.L.Y.":{"BAS":3,"ADV":6,"EXP":9.5,"MAS":12.9,"genre":5},"ロボットプラネットユートピア":{"BAS":3,"ADV":6,"EXP":9.5,"MAS":13.1,"genre":5},"Tidal Wave":{"BAS":4,"ADV":7.5,"EXP":10.8,"MAS":14.4,"genre":5},"Hand in Hand":{"BAS":3,"ADV":5,"EXP":8.5,"MAS":11.7,"genre":2},"My Dearest Song":{"BAS":3,"ADV":5,"EXP":8.5,"MAS":13.1,"genre":7},"猫祭り":{"BAS":3,"ADV":6,"EXP":9.5,"MAS":12.3,"genre":7},"ゲシュタルト！テスト期間！！":{"BAS":3,"ADV":5,"EXP":9.5,"MAS":13.7,"genre":5},"心象蜃気楼":{"BAS":3,"ADV":5,"EXP":9.5,"MAS":11.4,"genre":5},"Bang Babang Bang!!!":{"BAS":3,"ADV":6,"EXP":10.7,"MAS":13.8,"genre":7},"エンヴィキャットウォーク":{"BAS":3,"ADV":6,"EXP":9.5,"MAS":13.2,"genre":2},"鬼KYOKAN":{"BAS":4,"ADV":6,"EXP":10,"MAS":14,"genre":2},"有頂天ビバーチェ":{"BAS":2,"ADV":6,"EXP":8,"MAS":11.7,"genre":2},"ビバハピ":{"BAS":3,"ADV":6,"EXP":9,"MAS":11.9,"genre":2},"願い星":{"BAS":3,"ADV":5,"EXP":8,"MAS":11.9,"genre":5},"愛言葉":{"BAS":2,"ADV":4,"EXP":8,"MAS":11.4,"genre":2},"後夜祭":{"BAS":3,"ADV":5,"EXP":9.5,"MAS":13,"genre":5},"TRUST":{"BAS":3,"ADV":6,"EXP":9.5,"MAS":13.1,"genre":7},"からくりピエロ":{"BAS":2,"ADV":5,"EXP":8,"MAS":11.7,"genre":2},"深海少女":{"BAS":3,"ADV":5,"EXP":8,"MAS":11.7,"genre":2},"リモコン":{"BAS":3,"ADV":5,"EXP":8,"MAS":11.8,"genre":2},"ラクガキスト":{"BAS":4,"ADV":7,"EXP":11.2,"MAS":14.4,"genre":2},"アカツキアライヴァル":{"BAS":2,"ADV":5,"EXP":9.5,"MAS":11.7,"genre":2},"神曲":{"BAS":3,"ADV":5,"EXP":8,"MAS":12,"genre":2},"幸せになれる隠しコマンドがあるらしい":{"BAS":3,"ADV":5,"EXP":10.2,"MAS":13.7,"genre":2},"メルト":{"BAS":2,"ADV":5,"EXP":8,"MAS":11.4,"genre":2},"Tell Your World":{"BAS":3,"ADV":5,"EXP":8,"MAS":11.4,"genre":2},"ロミオとシンデレラ":{"BAS":3,"ADV":6,"EXP":10,"MAS":11.8,"genre":2},"First Twinkle":{"BAS":3,"ADV":5,"EXP":8.5,"MAS":11.4,"genre":5},"ウソラセラ":{"BAS":3,"ADV":6,"EXP":10.7,"MAS":13.2,"genre":5},"檄!帝国華撃団":{"BAS":3,"ADV":4,"EXP":8,"MAS":11.3,"genre":6},"Kronos":{"BAS":3,"ADV":5,"EXP":9.5,"MAS":13,"genre":6},"月に叢雲華に風":{"BAS":3,"ADV":5,"EXP":8,"MAS":12.4,"genre":3},"インビジブル":{"BAS":4,"ADV":7,"EXP":10.8,"MAS":14.2,"genre":2},"人生リセットボタン":{"BAS":4,"ADV":7,"EXP":10.3,"MAS":13.8,"genre":2},"響":{"BAS":3,"ADV":5,"EXP":9.5,"MAS":12,"genre":5},"風仁雷仁":{"BAS":3,"ADV":5,"EXP":9,"MAS":13.2,"genre":6},"PRIVATE SERVICE":{"BAS":3,"ADV":5,"EXP":9.5,"MAS":13.5,"genre":6},"No Routine":{"BAS":2,"ADV":6,"EXP":9,"MAS":12.5,"genre":3},"白い雪のプリンセスは":{"BAS":3,"ADV":6,"EXP":9.5,"MAS":12.4,"genre":2},"Strahv":{"BAS":4,"ADV":7.5,"EXP":11,"MAS":14.4,"genre":6},"Dreams Dreams:Kids Ver.":{"BAS":1,"ADV":4,"EXP":7.5,"MAS":10.4,"genre":6},"In The Blue Sky '01":{"BAS":3,"ADV":5,"EXP":8,"MAS":11.6,"genre":6},"幻想のサテライト":{"BAS":3,"ADV":7,"EXP":11.1,"MAS":14.2,"genre":3},"凛として咲く花の如く":{"BAS":3,"ADV":5,"EXP":9,"MAS":12.5,"ULT":14.2,"genre":6},"Paqqin":{"BAS":3,"ADV":6,"EXP":10.1,"MAS":13.7,"genre":5},"覚醒楽奏メタフィクション":{"BAS":3,"ADV":7.5,"EXP":11.2,"MAS":14.2,"genre":5},"みくみくにしてあげる♪【してやんよ】":{"BAS":3,"ADV":5,"EXP":8,"MAS":11.5,"genre":2},"Air":{"BAS":3,"ADV":7,"EXP":10.1,"MAS":14.5,"genre":6},"DataErr0r":{"BAS":3,"ADV":7,"EXP":10.3,"MAS":14,"genre":6},"Say A Vengeance":{"BAS":3,"ADV":6,"EXP":9.5,"MAS":13.7,"genre":6},"010":{"BAS":2,"ADV":6,"EXP":9.5,"MAS":13.5,"genre":6},"ERIS -Legend of Gaidelia-":{"BAS":3,"ADV":6,"EXP":9,"MAS":13.5,"genre":6},"Imperishable Night 2006 (2016 Refine)":{"BAS":4,"ADV":7.5,"EXP":11.5,"MAS":14.6,"genre":3},"Dreadnought":{"BAS":4,"ADV":7.5,"EXP":10.9,"MAS":14.5,"genre":6},"STAGER":{"BAS":3,"ADV":5,"EXP":10,"MAS":13.7,"genre":6},"Her Majesty":{"BAS":3,"ADV":6,"EXP":9,"MAS":13.5,"genre":6},"Sakura Fubuki":{"BAS":3,"ADV":7,"EXP":9,"MAS":13.3,"genre":6},"JULIAN":{"BAS":3,"ADV":6,"EXP":10.9,"MAS":13.7,"genre":6},"★LittlE HearTs★":{"BAS":4,"ADV":8,"EXP":11.6,"MAS":14.9,"genre":6},"STAIRWAY TO GENERATION":{"BAS":3,"ADV":5,"EXP":9.5,"MAS":13.2,"genre":6},"ドキドキDREAM!!!":{"BAS":3,"ADV":6,"EXP":9.5,"MAS":12.5,"genre":7},"猛進ソリストライフ！":{"BAS":4,"ADV":7,"EXP":9.5,"MAS":12.6,"genre":7},"空威張りビヘイビア":{"BAS":3,"ADV":6,"EXP":9,"MAS":13.1,"genre":9},"Oshama Scramble!":{"BAS":4,"ADV":8,"EXP":11.3,"MAS":14,"genre":9},"FLOATED CALM":{"BAS":3,"ADV":5,"EXP":10,"MAS":12.8,"genre":6},"Supersonic Generation":{"BAS":4,"ADV":7,"EXP":11.7,"MAS":14.4,"genre":5},"シジョウノコエ VOCALO ver.":{"BAS":3,"ADV":5,"EXP":9.5,"MAS":12.6,"genre":2},"Tic Tac DREAMIN’":{"BAS":3,"ADV":5,"EXP":8.5,"MAS":11.8,"genre":7},"SPICY SWINGY STYLE":{"BAS":3,"ADV":6,"EXP":9.5,"MAS":12.7,"genre":7},"RevolutionGame":{"BAS":2,"ADV":5,"EXP":8.5,"MAS":12,"genre":5},"Still":{"BAS":3,"ADV":5,"EXP":9,"MAS":13.1,"genre":7},"おまかせ！！トラブルメイ娘☆とれびちゃん":{"BAS":3,"ADV":6,"EXP":9.5,"MAS":14.1,"genre":5},"オススメ☆♂♀☆でぃすとぴあ":{"BAS":4,"ADV":7.5,"EXP":10.6,"MAS":14.4,"genre":5},"Daydream café":{"BAS":3,"ADV":5,"EXP":8,"MAS":11.4,"ULT":12.7,"genre":0},"ラブリー☆えんじぇる!!":{"BAS":3,"ADV":6,"EXP":9.5,"MAS":12.7,"genre":0},"Face of Fact":{"BAS":3,"ADV":5,"EXP":9.5,"MAS":12.3,"genre":0},"true my heart -Lovable mix-":{"BAS":2,"ADV":4,"EXP":8,"MAS":11.6,"genre":0},"桜ノ雨":{"BAS":1,"ADV":4,"EXP":8,"MAS":11,"genre":2},"いーあるふぁんくらぶ":{"BAS":2,"ADV":5,"EXP":8,"MAS":11.4,"genre":2},"おこちゃま戦争":{"BAS":4,"ADV":7,"EXP":10,"MAS":13.8,"genre":2},"エイリアンエイリアン":{"BAS":3,"ADV":5,"EXP":9.5,"MAS":11.7,"genre":2},"虎視眈々":{"BAS":3,"ADV":5,"EXP":8,"MAS":12.9,"genre":2},"アンハッピーリフレイン":{"BAS":3,"ADV":7,"EXP":9.5,"MAS":13.7,"genre":2},"すきなことだけでいいです":{"BAS":2,"ADV":5,"EXP":8,"MAS":13,"genre":2},"デリヘル呼んだら君が来た":{"BAS":3,"ADV":6,"EXP":8.5,"MAS":13,"genre":2},"チュルリラ・チュルリラ・ダッダッダ！":{"BAS":3,"ADV":6,"EXP":10,"MAS":13.6,"genre":2},"だんだん早くなる":{"BAS":3,"ADV":5,"EXP":9,"MAS":11.5,"genre":2},"ECHO":{"BAS":3,"ADV":5,"EXP":9.5,"MAS":12.6,"genre":2},"泡沫、哀のまほろば":{"BAS":3,"ADV":5,"EXP":8,"MAS":11.5,"genre":3},"愛き夜道 feat. ランコ、雨天決行":{"BAS":2,"ADV":5,"EXP":8,"MAS":12.5,"genre":3},"Starlight Dance Floor":{"BAS":3,"ADV":5,"EXP":8,"MAS":11.5,"genre":3},"Witches night":{"BAS":3,"ADV":6,"EXP":8,"MAS":12,"genre":3},"Help me, ERINNNNNN!! -Cranky remix-":{"BAS":3,"ADV":6,"EXP":9,"MAS":12.6,"genre":3},"仙酌絶唱のファンタジア":{"BAS":3,"ADV":5,"EXP":9,"MAS":13.5,"genre":3},"キュアリアス光吉古牌　－祭－":{"BAS":3,"ADV":5,"EXP":10,"MAS":12.8,"genre":3},"Evans":{"BAS":3,"ADV":7,"EXP":10.9,"MAS":14.4,"ULT":14.6,"genre":6},"神威":{"BAS":5,"ADV":8.5,"EXP":13.8,"MAS":14.9,"genre":6},"GOODTEK":{"BAS":4,"ADV":7,"EXP":10.7,"MAS":14.3,"genre":6},"Name of oath":{"BAS":3,"ADV":7,"EXP":11.1,"MAS":14.5,"genre":6},"Bird Sprite":{"BAS":3,"ADV":5,"EXP":8.5,"MAS":13,"genre":6},"オモイヨシノ":{"BAS":3,"ADV":5,"EXP":8,"MAS":11.6,"genre":6},"Dengeki Tube":{"BAS":4,"ADV":7.5,"EXP":12.5,"MAS":14.9,"genre":6},"若い力 -SEGA HARD GIRLS MIX-":{"BAS":3,"ADV":6,"EXP":8,"MAS":11.7,"genre":0},"レッツゴー!陰陽師":{"BAS":2,"ADV":5,"EXP":8,"MAS":11.9,"genre":6},"あねぺったん":{"BAS":3,"ADV":6,"EXP":9,"MAS":12.3,"genre":7},"Like the Wind [Reborn]":{"BAS":4,"ADV":8,"EXP":11,"MAS":14.4,"genre":9},"天国と地獄 -言ノ葉リンネ-":{"BAS":2,"ADV":5,"EXP":9.5,"MAS":12.2,"genre":9},"最愛テトラグラマトン":{"BAS":3,"ADV":6,"EXP":9.5,"MAS":13.7,"genre":5},"悪戯":{"BAS":3,"ADV":5,"EXP":9.5,"MAS":12.5,"genre":9},"りばーぶ":{"BAS":2,"ADV":4,"EXP":8,"MAS":11.2,"genre":9},"Barbed Eye":{"BAS":3,"ADV":5,"EXP":9,"MAS":12.1,"genre":9},"分からない":{"BAS":3,"ADV":7,"EXP":10.7,"MAS":14.2,"genre":9},"相思創愛":{"BAS":3,"ADV":6,"EXP":9.5,"MAS":12.9,"genre":9},"混沌を越えし我らが神聖なる調律主を讃えよ":{"BAS":5,"ADV":10,"EXP":14.4,"MAS":15.3,"genre":5},"Finite":{"BAS":3,"ADV":7,"EXP":11.5,"MAS":14.9,"genre":6},"地球最後の告白を":{"BAS":3,"ADV":6,"EXP":9,"MAS":13,"genre":2},"The wheel to the Night ～インド人が夢に!?～":{"BAS":3,"ADV":6,"EXP":10.9,"MAS":14.1,"genre":7},"We Gonna Party -Feline Groove Mix-":{"BAS":4,"ADV":7,"EXP":11.3,"MAS":14.2,"genre":5},"Through The Tower":{"BAS":2,"ADV":5,"EXP":9.5,"MAS":12.9,"genre":6},"前前前世":{"BAS":3,"ADV":5,"EXP":8.5,"MAS":12,"genre":0},"華鳥風月":{"BAS":2,"ADV":4,"EXP":8.5,"MAS":11.5,"genre":3},"儚きもの人間":{"BAS":3,"ADV":6,"EXP":9.5,"MAS":13.2,"genre":3},"Aleph-0":{"BAS":6,"ADV":9.5,"EXP":14.1,"MAS":14.7,"ULT":15,"genre":6},"Black Lotus":{"BAS":4,"ADV":7,"EXP":11.4,"MAS":14.4,"genre":6},"ＧＯ！ＧＯ！ラブリズム♥ ～あーりん書類審査通過記念Ver.～":{"BAS":3,"ADV":5,"EXP":9.5,"MAS":12.2,"genre":7},"Session High⤴":{"BAS":3,"ADV":6,"EXP":10,"MAS":13.3,"genre":7},"光線チューニング":{"BAS":3,"ADV":6,"EXP":9.5,"MAS":12.4,"genre":5},"立川浄穢捕物帳":{"BAS":3,"ADV":6,"EXP":9.5,"MAS":14,"genre":5},"眠れぬ夜君を想フ":{"BAS":3,"ADV":5,"EXP":10.1,"MAS":14.3,"genre":5},"JIGOKU STATION CENTRAL GATE":{"BAS":4,"ADV":7.5,"EXP":11.4,"MAS":14.3,"genre":5},"PinqPiq":{"BAS":3,"ADV":5,"EXP":10.1,"MAS":13.5,"genre":5},"トリスメギストス":{"BAS":4,"ADV":6,"EXP":10,"MAS":14.2,"genre":5},"WE GOTTA SOUL":{"BAS":3,"ADV":6,"EXP":8,"MAS":12.5,"genre":5},"哀しみ集め":{"BAS":2,"ADV":5,"EXP":9,"MAS":12.5,"genre":5},"キラメケ→Shoot it Now!":{"BAS":3,"ADV":6,"EXP":9.5,"MAS":13.9,"genre":5},"Kattobi KEIKYU Rider":{"BAS":4,"ADV":8,"EXP":13.4,"MAS":14.8,"genre":5},"Glorious Crown (tpz over-Over-OVERCUTE REMIX)":{"BAS":4,"ADV":9.5,"EXP":13.6,"MAS":14.9,"genre":5},"エレクトロサチュレイタ":{"BAS":2,"ADV":5,"EXP":9,"MAS":11.7,"genre":2},"Palette":{"BAS":3,"ADV":5,"EXP":8,"MAS":12.5,"genre":2},"アマツキツネ":{"BAS":3,"ADV":6,"EXP":9,"MAS":11.8,"genre":2},"パーフェクト生命":{"BAS":3,"ADV":6,"EXP":10.4,"MAS":13.3,"genre":2},"のぼれ！すすめ！高い塔":{"BAS":3,"ADV":6,"EXP":9.5,"MAS":14.3,"genre":2},"害虫":{"BAS":4,"ADV":7,"EXP":10.2,"MAS":14.2,"genre":2},"Vampire":{"BAS":3,"ADV":5,"EXP":9.5,"MAS":13.4,"genre":0},"ケロ⑨destiny":{"BAS":3,"ADV":5,"EXP":9.5,"MAS":13.8,"genre":3},"Last Moments":{"BAS":3,"ADV":6,"EXP":9,"MAS":13.2,"genre":3},"風に乗せた願い":{"BAS":2,"ADV":6,"EXP":9.5,"MAS":13.9,"genre":3},"天狗の落とし文 feat. ｙｔｒ":{"BAS":3,"ADV":5,"EXP":9.5,"MAS":12.9,"genre":3},"星色夜空":{"BAS":2,"ADV":4,"EXP":8,"MAS":10.5,"genre":3},"物凄い勢いでけーねが物凄いうた":{"BAS":3,"ADV":6,"EXP":9,"MAS":12.4,"ULT":13.8,"genre":3},"Wake up Dreamer":{"BAS":3,"ADV":6,"EXP":9.5,"MAS":13.4,"genre":5},"World Vanquisher":{"BAS":4,"ADV":9.5,"EXP":13.8,"MAS":15.3,"genre":5},"macrocosmos":{"BAS":4,"ADV":9.5,"EXP":13.2,"MAS":15.2,"genre":5},"Iudicium":{"BAS":3,"ADV":7,"EXP":11.9,"MAS":14.8,"genre":5},"Twice up Scenery":{"BAS":2,"ADV":5,"EXP":10.4,"MAS":14.2,"genre":5},"奏者はただ背中と提琴で語るのみ":{"BAS":4,"ADV":7,"EXP":10.6,"MAS":14,"genre":7},"Xevel":{"BAS":4,"ADV":8,"EXP":12.1,"MAS":14.9,"genre":5},"セイクリッド　ルイン":{"BAS":3,"ADV":7,"EXP":11.3,"MAS":14.4,"genre":6},"極圏":{"BAS":4,"ADV":7,"EXP":11.7,"MAS":14.6,"genre":6},"Scarlet Lance":{"BAS":4,"ADV":7.5,"EXP":12,"MAS":14.6,"genre":6},"ホシトハナ":{"BAS":3,"ADV":5,"EXP":9,"MAS":11.4,"genre":0},"Just Be Friends":{"BAS":3,"ADV":5,"EXP":9,"MAS":11.7,"genre":2},"炉心融解":{"BAS":3,"ADV":5,"EXP":8.5,"MAS":11.9,"genre":2},"Fire◎Flower":{"BAS":3,"ADV":6,"EXP":8,"MAS":12.7,"genre":2},"卑怯戦隊うろたんだー":{"BAS":3,"ADV":5,"EXP":9,"MAS":12.8,"genre":2},"イロトリドリのメロディ":{"BAS":3,"ADV":5,"EXP":9,"MAS":13.5,"genre":7},"セハガガガンバッちゃう！！":{"BAS":3,"ADV":6,"EXP":9.5,"MAS":13.4,"genre":0},"Burning Hearts ～炎のANGEL～":{"BAS":3,"ADV":5,"EXP":9.5,"MAS":13.5,"genre":6},"Our Fighting":{"BAS":3,"ADV":6,"EXP":9,"MAS":11.8,"genre":0},"VERTeX":{"BAS":4,"ADV":8.5,"EXP":12,"MAS":14.7,"genre":9},"-OutsideR:RequieM-":{"BAS":3,"ADV":6,"EXP":10.9,"MAS":13.7,"genre":7},"夢と夢～あの日のメロディ～":{"BAS":2,"ADV":4,"EXP":8,"MAS":11.2,"genre":7},"La Baguette Magique":{"BAS":2,"ADV":5,"EXP":9,"MAS":13.1,"genre":5},"bubble attack":{"BAS":2,"ADV":6,"EXP":10.7,"MAS":14,"genre":5},"The Darkness of Valhalla":{"BAS":3,"ADV":5,"EXP":9.5,"MAS":13.5,"genre":5},"時の冒険者":{"BAS":3,"ADV":6,"EXP":9.5,"MAS":13.6,"genre":5},"Rendezvous":{"BAS":3,"ADV":7,"EXP":10.4,"MAS":13.5,"genre":5},"EXECUTOR":{"BAS":3,"ADV":6,"EXP":9,"MAS":13.7,"genre":5},"Hyper Active":{"BAS":3,"ADV":7,"EXP":10.7,"MAS":14.3,"genre":9},"L'épilogue":{"BAS":2,"ADV":5,"EXP":9.5,"MAS":13.3,"genre":9},"D✪N’T ST✪P R✪CKIN’ ～[✪_✪] MIX～":{"BAS":3,"ADV":6,"EXP":9.5,"MAS":13.3,"genre":9},"Caliburne ～Story of the Legendary sword～":{"BAS":4,"ADV":8,"EXP":12.6,"MAS":14.8,"genre":9},"プリズム":{"BAS":2,"ADV":5,"EXP":8,"MAS":11.6,"genre":7},"Clover Heart's":{"BAS":2,"ADV":5,"EXP":8.5,"MAS":11.5,"genre":0},"スイートマジック":{"BAS":2,"ADV":5,"EXP":8,"MAS":11.7,"genre":2},"Calamity Fortune":{"BAS":4,"ADV":8.5,"EXP":11.5,"MAS":14.7,"genre":3},"Melody！":{"BAS":3,"ADV":6,"EXP":9,"MAS":12,"genre":3},"G e n g a o z o":{"BAS":4,"ADV":8,"EXP":13.5,"MAS":14.6,"genre":6},"サイバーサンダーサイダー":{"BAS":3,"ADV":5,"EXP":10.3,"MAS":14.1,"genre":2},"フラジール":{"BAS":2,"ADV":5,"EXP":9,"MAS":11.6,"genre":2},"Absolunote":{"BAS":3,"ADV":6,"EXP":9.5,"MAS":13,"genre":2},"木彫り鯰と右肩ゾンビ":{"BAS":3,"ADV":5,"EXP":9.5,"MAS":12.9,"genre":2},"ヒビカセ":{"BAS":3,"ADV":5,"EXP":9,"MAS":13.3,"genre":2},"WAVE":{"BAS":3,"ADV":5,"EXP":8,"MAS":12.6,"genre":2},"高気圧ねこロック":{"BAS":3,"ADV":6,"EXP":10.1,"MAS":13.3,"genre":9},"ETERNAL DRAIN":{"BAS":3,"ADV":5,"EXP":9.5,"MAS":13.5,"genre":6},"Paradisus-Paradoxum":{"BAS":3,"ADV":6,"EXP":9,"MAS":13,"genre":0},"ようこそジャパリパークへ":{"BAS":3,"ADV":5,"EXP":9.5,"MAS":12.2,"genre":0},"チルノのパーフェクトさんすう教室　⑨周年バージョン":{"BAS":3,"ADV":5,"EXP":9.5,"MAS":14,"genre":3},"Cosmic twinkle star":{"BAS":3,"ADV":5,"EXP":8.5,"MAS":12.9,"genre":0},"終わりなき物語":{"BAS":3,"ADV":5,"EXP":8,"MAS":12.8,"genre":0},"BlazinG AIR":{"BAS":3,"ADV":6,"EXP":10.1,"MAS":14.3,"genre":5},"Change me":{"BAS":3,"ADV":6,"EXP":9.5,"MAS":13.2,"genre":2},"AMAZING MIGHTYYYY!!!!":{"BAS":4,"ADV":8.5,"EXP":12.1,"MAS":14.8,"genre":9},"砂の惑星 feat. HATSUNE MIKU":{"BAS":3,"ADV":5,"EXP":8,"MAS":12.8,"genre":2},"拝啓ドッペルゲンガー":{"BAS":3,"ADV":6,"EXP":10,"MAS":14.1,"genre":2},"Doppelganger":{"BAS":6,"ADV":9.5,"EXP":12.5,"MAS":14.8,"genre":6},"色は匂へど散りぬるを":{"BAS":2,"ADV":4,"EXP":8.5,"MAS":11.2,"genre":3},"ポルカドット":{"BAS":3,"ADV":5,"EXP":8,"MAS":11.2,"genre":7},"Sparking Revolver":{"BAS":4,"ADV":7.5,"EXP":11.5,"MAS":14.6,"genre":5},"Gate of Doom":{"BAS":4,"ADV":8,"EXP":13.1,"MAS":14.8,"genre":5},"ダンスロボットダンス":{"BAS":3,"ADV":6,"EXP":9,"MAS":12.7,"genre":2},"アルカリレットウセイ":{"BAS":3,"ADV":5,"EXP":8.5,"MAS":11.3,"genre":2},"キレキャリオン":{"BAS":2,"ADV":5,"EXP":9,"MAS":13,"genre":2},"グラーヴェ":{"BAS":2,"ADV":5,"EXP":9,"MAS":12.1,"genre":2},"レトロマニア狂想曲":{"BAS":3,"ADV":5,"EXP":9.5,"MAS":13.5,"genre":2},"イロドリミドリ杯花映塚全一決定戦公式テーマソング『ウソテイ』":{"BAS":3,"ADV":6,"EXP":9.5,"MAS":12.7,"genre":7},"otorii INNOVATED -[i]3-":{"BAS":4,"ADV":9.5,"EXP":13.4,"MAS":15,"genre":5},"未来イマジネーション！":{"BAS":3,"ADV":5,"EXP":9,"MAS":11.8,"genre":0},"純情-SAKURA-":{"BAS":3,"ADV":6,"EXP":9.5,"MAS":13.5,"genre":0},"青春サイダー":{"BAS":3,"ADV":5,"EXP":9,"MAS":12.9,"genre":0},"Very! Merry!! Session!!!":{"BAS":3,"ADV":6,"EXP":9,"MAS":12.7,"genre":7},"popcorn":{"BAS":2,"ADV":6,"EXP":9.5,"MAS":12.3,"genre":5},"Pastel Party":{"BAS":2,"ADV":6,"EXP":10.7,"MAS":14,"genre":5},"はちみつアドベンチャー":{"BAS":3,"ADV":5,"EXP":9,"MAS":12.8,"genre":5},"CHOCOLATE BOMB!!!!":{"BAS":3,"ADV":7,"EXP":10.9,"MAS":14.3,"genre":5},"Twilight":{"BAS":3,"ADV":6,"EXP":11.4,"MAS":14.4,"genre":5},"ねぇ、壊れタ人形ハ何処へ棄テらレるノ？":{"BAS":4,"ADV":8,"EXP":12.6,"MAS":14.8,"genre":9},"WARNING×WARNING×WARNING":{"BAS":3,"ADV":5,"EXP":9.5,"MAS":12.8,"genre":3},"Grip & Break down !!":{"BAS":3,"ADV":6,"EXP":9.5,"MAS":12.8,"genre":3},"ネ！コ！":{"BAS":3,"ADV":6,"EXP":9,"MAS":11.9,"genre":0},"マトリョシカ":{"BAS":3,"ADV":6,"EXP":9.5,"MAS":12.5,"genre":2},"ゴーゴー幽霊船":{"BAS":3,"ADV":5,"EXP":9.5,"MAS":13.3,"genre":0},"La Flesvelka":{"BAS":3,"ADV":6,"EXP":9,"MAS":13.3,"genre":6},"碧き孤島のアングゥィス":{"BAS":3,"ADV":6,"EXP":9.5,"MAS":13.8,"genre":0},"ラブって♡ジュエリー♪えんじぇる☆ブレイク！！":{"BAS":3,"ADV":5,"EXP":8.5,"MAS":13.3,"genre":0},"ぶれいくるみるくらぶ！":{"BAS":3,"ADV":5,"EXP":9,"MAS":12.8,"genre":0},"クレッシェンド・ストーリー":{"BAS":3,"ADV":6,"EXP":9,"MAS":12.9,"genre":7},"Sentimental Snow":{"BAS":2,"ADV":4,"EXP":8,"MAS":11.4,"genre":5},"サンシャインサマー☆夏期講習":{"BAS":3,"ADV":6,"EXP":11,"MAS":13.9,"genre":5},"NYAN-NYA, More! ラブシャイン、Chu♥":{"BAS":3,"ADV":6,"EXP":10.7,"MAS":13.3,"genre":5},"厨病激発ボーイ":{"BAS":3,"ADV":5,"EXP":9,"MAS":13.2,"genre":2},"StargazeR":{"BAS":2,"ADV":5,"EXP":8.5,"MAS":12.5,"genre":2},"ゴーストルール":{"BAS":3,"ADV":5,"EXP":9.5,"MAS":13.7,"genre":2},"頓珍漢の宴":{"BAS":3,"ADV":6,"EXP":10,"MAS":14.1,"genre":2},"TOMORROW":{"BAS":2,"ADV":5,"EXP":9,"MAS":11.3,"genre":0},"Super Lovely (Heavenly Remix)":{"BAS":4,"ADV":6,"EXP":9.5,"MAS":14.3,"genre":6},"Chocolate Happy":{"BAS":3,"ADV":5,"EXP":9,"MAS":11.5,"genre":6},"管弦楽組曲 第3番 ニ長調「第2曲（G線上のアリア）」BWV.1068-2":{"BAS":3,"ADV":7,"EXP":12.2,"MAS":14.5,"genre":7},"ここで一席！　Oshama Scramble!":{"BAS":3,"ADV":6,"EXP":9.5,"MAS":13.1,"genre":7},"ウサテイ":{"BAS":3,"ADV":6,"EXP":9.5,"MAS":13.8,"genre":3},"Scream out! -CHUNITHM Tuning-":{"BAS":3,"ADV":6,"EXP":9.5,"MAS":12.9,"genre":3},"Spring of Dreams":{"BAS":3,"ADV":5,"EXP":8.5,"MAS":12.4,"genre":3},"Floating Darkness":{"BAS":3,"ADV":6,"EXP":9.5,"MAS":13.7,"genre":3},"Change Our MIRAI！ (Our 7 Lights)":{"BAS":3,"ADV":5,"EXP":8.5,"MAS":13.3,"genre":7},"Dual Fractal":{"BAS":2,"ADV":6,"EXP":10.8,"MAS":13.9,"genre":5},"Drivessover":{"BAS":3,"ADV":7,"EXP":11.3,"MAS":13.7,"genre":5},"Surveiller et punir":{"BAS":3,"ADV":7,"EXP":12.1,"MAS":14.9,"genre":5},"業 -善なる神とこの世の悪について-":{"BAS":4,"ADV":9.5,"EXP":14.2,"MAS":15.4,"genre":5},"End Time":{"BAS":3,"ADV":8,"EXP":13.7,"MAS":14.9,"genre":6},"volcanic":{"BAS":4,"ADV":9,"EXP":11.8,"MAS":14.4,"genre":6},"アンノウン・マザーグース":{"BAS":3,"ADV":6,"EXP":9,"MAS":13.8,"genre":2},"ゆけむり魂温泉 II":{"BAS":2,"ADV":4,"EXP":8.5,"MAS":12.5,"genre":3},"サドマミホリック":{"BAS":3,"ADV":6,"EXP":11.7,"MAS":14.2,"genre":3},"Candyland Symphony":{"BAS":3,"ADV":7,"EXP":10,"MAS":12.8,"genre":6},"初音ミクの激唱":{"BAS":5,"ADV":8.5,"EXP":12.9,"MAS":14.7,"genre":2},"つるぺったん":{"BAS":3,"ADV":6,"EXP":8.5,"MAS":12.8,"genre":3},"咲キ誇レ常世ノ華":{"BAS":3,"ADV":6,"EXP":9,"MAS":12.8,"genre":9},"チルノおかんのさいきょう☆バイブスごはん":{"BAS":3,"ADV":6,"EXP":9.5,"MAS":13.4,"genre":3},"放課後ストライド":{"BAS":3,"ADV":6,"EXP":9.5,"MAS":12.3,"genre":2},"きゅうりバーにダイブ":{"BAS":3,"ADV":5,"EXP":9.5,"MAS":14.4,"genre":3},"むしとりのうた":{"BAS":1,"ADV":4,"EXP":7,"MAS":11,"genre":6},"ミリオン／ワンズ":{"BAS":3,"ADV":6,"EXP":9.5,"MAS":13.7,"genre":2},"ブリキノダンス":{"BAS":3,"ADV":5,"EXP":9,"MAS":13.1,"genre":2},"フリィダム ロリィタ":{"BAS":2,"ADV":5,"EXP":8.5,"MAS":11.7,"genre":2},"DAYBREAK FRONTLINE":{"BAS":2,"ADV":5,"EXP":9,"MAS":11.5,"genre":2},"バレリーコ":{"BAS":3,"ADV":5,"EXP":9,"MAS":11.7,"genre":2},"おちゃめ機能":{"BAS":2,"ADV":5,"EXP":8,"MAS":12.6,"genre":2},"輪廻転生":{"BAS":3,"ADV":6,"EXP":9.5,"MAS":13.8,"genre":2},"シャルル":{"BAS":3,"ADV":5,"EXP":8,"MAS":11.6,"genre":2},"地獄の端にて君を待つ":{"BAS":3,"ADV":6,"EXP":9.5,"MAS":13.3,"genre":3},"聖少女サクリファイス":{"BAS":2,"ADV":5,"EXP":9,"MAS":13.9,"genre":3},"究極焼肉レストラン！お燐の地獄亭！":{"BAS":3,"ADV":6,"EXP":8,"MAS":12.2,"genre":3},"WARNING!":{"BAS":3,"ADV":5,"EXP":9.5,"MAS":13.3,"genre":3},"Paranoia":{"BAS":3,"ADV":5,"EXP":9.5,"MAS":12.7,"genre":3},"ナイト・オブ・ナイツ (Cranky Remix)":{"BAS":3,"ADV":6,"EXP":10,"MAS":14.1,"genre":3},"Brain Power":{"BAS":3,"ADV":7,"EXP":11,"MAS":14.3,"genre":6},"ouroboros -twin stroke of the end-":{"BAS":3,"ADV":8,"EXP":10.9,"MAS":14.7,"genre":6},"GERBERA":{"BAS":4,"ADV":8,"EXP":11.7,"MAS":14.5,"genre":6},"Taiko Drum Monster":{"BAS":3,"ADV":7,"EXP":11.4,"MAS":14.3,"genre":6},"Blooming Villain (ATLUS Konishi Remix)":{"BAS":2,"ADV":5,"EXP":9.5,"MAS":13.3,"genre":6},"GROOVY":{"BAS":3,"ADV":6,"EXP":9.5,"MAS":13,"genre":6},"Mass Destruction (\"P3\" + \"P3F\" ver.)":{"BAS":2,"ADV":5,"EXP":9,"MAS":12.2,"genre":6},"全ての人の魂の戦い (Daisuke Asakura Remix)":{"BAS":3,"ADV":6,"EXP":8.5,"MAS":12.8,"genre":6},"Nhelv":{"BAS":3,"ADV":6,"EXP":13,"MAS":14.6,"genre":6},"PUPA":{"BAS":4,"ADV":7,"EXP":11.7,"MAS":14.6,"genre":6},"Parousia":{"BAS":4,"ADV":7,"EXP":10.7,"MAS":14.4,"genre":6},"Papyrus":{"BAS":3,"ADV":5,"EXP":9,"MAS":13.5,"genre":6},"Black Lair":{"BAS":2,"ADV":6,"EXP":9,"MAS":13.7,"genre":6},"オーケー？　オーライ！":{"BAS":3,"ADV":6,"EXP":9,"MAS":11.6,"genre":7},"Black'n White JAMMIN' CATS":{"BAS":3,"ADV":6,"EXP":9,"MAS":12.2,"genre":7},"ライトスピード・デイズ":{"BAS":3,"ADV":5,"EXP":9.5,"MAS":13.5,"genre":7},"Fire me up":{"BAS":3,"ADV":5,"EXP":9,"MAS":12.3,"genre":7},"朝焼けプラットホーム":{"BAS":3,"ADV":5,"EXP":9,"MAS":11.6,"genre":5},"PAST":{"BAS":3,"ADV":6,"EXP":9.5,"MAS":13.8,"genre":5},"Blessed":{"BAS":3,"ADV":5,"EXP":9.5,"MAS":13.8,"genre":5},"FRIDAY FRIDAY":{"BAS":2,"ADV":5,"EXP":8,"MAS":11.4,"genre":5},"足立オウフwwww":{"BAS":3,"ADV":6,"EXP":10.7,"MAS":14,"genre":5},"Seagull":{"BAS":3,"ADV":6,"EXP":9,"MAS":13.7,"genre":5},"Blaster Heaven":{"BAS":3,"ADV":6,"EXP":9,"MAS":12.2,"genre":5},"ハートアタック":{"BAS":3,"ADV":7,"EXP":10.3,"MAS":14.4,"genre":5},"Summer is over":{"BAS":3,"ADV":6,"EXP":9.5,"MAS":13.8,"genre":5},"folern":{"BAS":4,"ADV":8,"EXP":13.7,"MAS":14.6,"genre":5},"2DVenture":{"BAS":3,"ADV":7,"EXP":9.5,"MAS":13.3,"genre":5},"ぜったい！昇天★鎮魂歌♂":{"BAS":4,"ADV":6,"EXP":9.5,"MAS":14.3,"genre":5},"夕焼けのRed Parade":{"BAS":4,"ADV":8,"EXP":13,"MAS":14.8,"genre":5},"StufeStern":{"BAS":3,"ADV":5,"EXP":10.3,"MAS":14.3,"genre":5},"スピカの天秤":{"BAS":4,"ADV":8,"EXP":12.3,"MAS":14.7,"genre":5},"涙色メモリア":{"BAS":3,"ADV":6,"EXP":9.5,"MAS":12.6,"genre":5},"Magic":{"BAS":2,"ADV":5,"EXP":9,"MAS":12,"genre":5},"男装女形表裏一体発狂小娘の詐称疑惑と苦悩と情熱。":{"BAS":3,"ADV":6,"EXP":10.2,"MAS":13.9,"genre":5},"コモリの怪物":{"BAS":4,"ADV":7,"EXP":11,"MAS":14.1,"genre":5},"中学2年生のアンドロイド":{"BAS":3,"ADV":8,"EXP":10.6,"MAS":14.3,"genre":5},"Life":{"BAS":3,"ADV":5,"EXP":10,"MAS":14.1,"genre":5},"Solstånd":{"BAS":2,"ADV":5,"EXP":9.5,"MAS":13.1,"genre":5},"Sqlupp":{"BAS":3,"ADV":6,"EXP":12.2,"MAS":14.4,"genre":5},"Climax":{"BAS":4,"ADV":9.5,"EXP":13.4,"MAS":14.8,"genre":5},"larva":{"BAS":4,"ADV":8.5,"EXP":11.9,"MAS":14.6,"genre":9},"CYCLES":{"BAS":2,"ADV":5,"EXP":8,"MAS":11.8,"genre":9},"夢花火":{"BAS":2,"ADV":5,"EXP":9,"MAS":13,"genre":9},"FEEL the BEATS":{"BAS":3,"ADV":6,"EXP":9.5,"MAS":12.1,"genre":9},"ロキ":{"BAS":2,"ADV":5,"EXP":9,"MAS":12.1,"genre":2},"Innocent Truth":{"BAS":3,"ADV":7,"EXP":9.5,"MAS":14,"genre":5},"CITRUS MONSTER":{"BAS":4,"ADV":8,"EXP":12.2,"MAS":14.4,"genre":9},"サヨナラフリーウェイ":{"BAS":3,"ADV":6,"EXP":8,"MAS":11.9,"genre":7},"Ai Nov":{"BAS":4,"ADV":7.5,"EXP":12.3,"MAS":14.7,"genre":9},"エンジェデビ":{"BAS":3,"ADV":6,"EXP":10,"MAS":12.5,"genre":5},"Servant of Love":{"BAS":3,"ADV":5,"EXP":9.5,"MAS":13.7,"genre":5},"アイリちゃんは暗黒魔導士!":{"BAS":3,"ADV":7,"EXP":10.5,"MAS":14,"genre":5},"電光石火":{"BAS":4,"ADV":9,"EXP":13.5,"MAS":14.8,"genre":5},"strelitzia":{"BAS":3,"ADV":6,"EXP":9.5,"MAS":13.7,"genre":5},"サヨナラチェーンソー":{"BAS":2,"ADV":5,"EXP":8,"MAS":11.8,"genre":2},"Seyana. ～何でも言うことを聞いてくれるアカネチャン～":{"BAS":2,"ADV":4,"EXP":8.5,"MAS":13.4,"genre":2},"はやくそれになりたい！":{"BAS":3,"ADV":6,"EXP":8,"MAS":12.6,"genre":2},"ちがう!!!":{"BAS":3,"ADV":6,"EXP":8,"MAS":13.3,"genre":2},"雨とペトラ":{"BAS":3,"ADV":5,"EXP":9,"MAS":12.3,"genre":2},"あうんどばいみー":{"BAS":3,"ADV":5,"EXP":8.5,"MAS":12.7,"genre":3},"White Traveling Girl":{"BAS":2,"ADV":6,"EXP":9,"MAS":12.1,"genre":3},"トランスダンスアナーキー":{"BAS":3,"ADV":6,"EXP":9,"MAS":12.7,"genre":3},"ゴールドビジョン":{"BAS":3,"ADV":7,"EXP":10,"MAS":14.4,"genre":3},"【東方ニコカラ】秘神マターラ feat.魂音泉【IOSYS】":{"BAS":2,"ADV":5,"EXP":9,"MAS":13.7,"genre":3},"Ever green Never end":{"BAS":3,"ADV":6,"EXP":9.5,"MAS":12.6,"genre":7},"咲かせよ 沸かせよ バンバンBURN！":{"BAS":2,"ADV":5,"EXP":8,"MAS":12.4,"genre":0},"Fracture Ray":{"BAS":4,"ADV":8,"EXP":12.5,"MAS":14.7,"genre":6},"Axium Crisis":{"BAS":3,"ADV":7,"EXP":10.9,"MAS":13.7,"genre":6},"Grievous Lady":{"BAS":4,"ADV":9,"EXP":12.4,"MAS":14.7,"genre":6},"CO5M1C R4ILR0AD":{"BAS":3,"ADV":7,"EXP":11,"MAS":14.1,"genre":6},"Pure Ruby":{"BAS":4,"ADV":7,"EXP":10.9,"MAS":14.3,"genre":6},"一世嬉遊曲‐ディヴェルティメント‐":{"BAS":4,"ADV":6,"EXP":9,"MAS":13.8,"genre":7},"恋のチャイム":{"BAS":2,"ADV":4,"EXP":8,"MAS":11.3,"genre":5},"逃げろ！サテライトキャンパス！！":{"BAS":3,"ADV":5,"EXP":9.5,"MAS":13.7,"genre":5},"THE BRASS OF GOODSPEED!!":{"BAS":3,"ADV":6,"EXP":9,"MAS":12.9,"genre":5},"カゲロウデイズ":{"BAS":3,"ADV":6,"EXP":8,"MAS":13.8,"genre":2},"妄想感傷代償連盟":{"BAS":2,"ADV":5,"EXP":9,"MAS":11.7,"genre":2},"Everlasting Today":{"BAS":4,"ADV":7,"EXP":12.1,"MAS":14.7,"genre":9},"Distance":{"BAS":3,"ADV":5,"EXP":8,"MAS":11.4,"genre":0},"Outlaw's Lullaby":{"BAS":3,"ADV":7,"EXP":10.5,"MAS":14,"genre":6},"The Pursuit of Speed":{"BAS":3,"ADV":6,"EXP":9.5,"MAS":13.4,"genre":6},"光線チューニング ～なずな妄想海フェスイメージトレーニングVer.～":{"BAS":3,"ADV":6,"EXP":9.5,"MAS":13.3,"genre":7},"Funny Funky Freaky":{"BAS":3,"ADV":5,"EXP":9.5,"MAS":13.7,"genre":6},"Pangaea":{"BAS":2,"ADV":6,"EXP":12,"MAS":14,"genre":6},"ZEUS":{"BAS":4,"ADV":7,"EXP":11.6,"MAS":14.4,"genre":6},"Agitation！":{"BAS":3,"ADV":5,"EXP":9,"MAS":11.3,"genre":7},"暗晦にハイライト":{"BAS":4,"ADV":7,"EXP":11,"MAS":14.5,"genre":5},"8-EM":{"BAS":4,"ADV":8,"EXP":12.1,"MAS":14.8,"genre":5},"Killing Rhythm":{"BAS":4,"ADV":9.5,"EXP":14.3,"MAS":15,"genre":5},"METEOR":{"BAS":3,"ADV":5,"EXP":9.5,"MAS":11.8,"genre":2},"ワールズエンド・ダンスホール":{"BAS":2,"ADV":6,"EXP":9,"MAS":12.8,"genre":2},"Worlds End":{"BAS":3,"ADV":5,"EXP":8,"MAS":12.3,"genre":3},"Shout Our Evidence!":{"BAS":4,"ADV":6,"EXP":10,"MAS":13.2,"genre":7},"YURUSHITE":{"BAS":4,"ADV":9,"EXP":13.8,"MAS":14.9,"genre":9},"ユメキキョウ":{"BAS":2,"ADV":6,"EXP":11.2,"MAS":14,"genre":5},"Black Swan Lake":{"BAS":3,"ADV":7,"EXP":10.9,"MAS":14.3,"genre":5},"GIGA DRIVE":{"BAS":4,"ADV":9,"EXP":13.6,"MAS":14.9,"genre":5},"Rebellion":{"BAS":4,"ADV":10,"EXP":14.1,"MAS":15.2,"genre":5},"Doll Judgment":{"BAS":2,"ADV":6,"EXP":10.1,"MAS":13.4,"genre":3},"お嫁にしなさいっ！":{"BAS":3,"ADV":5,"EXP":8,"MAS":13.1,"genre":3},"待チ人ハ来ズ。":{"BAS":2,"ADV":5,"EXP":9.5,"MAS":13.2,"genre":3},"命ばっかり":{"BAS":2,"ADV":5,"EXP":8,"MAS":11.5,"genre":2},"テオ":{"BAS":3,"ADV":6,"EXP":8,"MAS":13.4,"genre":2},"ハイセンスナンセンス":{"BAS":2,"ADV":6,"EXP":8.5,"MAS":14.4,"genre":2},"デンパラダイム":{"BAS":4,"ADV":7,"EXP":10.7,"MAS":14,"genre":2},"星の器～STAR OF ANDROMEDA":{"BAS":4,"ADV":7,"EXP":11.3,"MAS":14.5,"genre":3},"STARTLINER":{"BAS":1,"ADV":5,"EXP":7.5,"MAS":10.4,"genre":9},"Vibrant Verve":{"BAS":3,"ADV":5,"EXP":10.7,"MAS":14.1,"genre":5},"燃えてもエンジョイ！宛城、炎上！！":{"BAS":5,"ADV":7,"EXP":11.2,"MAS":14.3,"genre":7},"水晶世界 ～Fracture～":{"BAS":4,"ADV":7,"EXP":11.4,"MAS":14.7,"genre":6},"BlythE":{"BAS":3,"ADV":7,"EXP":11.6,"MAS":14.1,"genre":6},"UNION":{"BAS":3,"ADV":6,"EXP":9.5,"MAS":12,"genre":0},"ただ君に晴れ":{"BAS":2,"ADV":5,"EXP":8,"MAS":11.5,"genre":0},"ナンセンス文学":{"BAS":2,"ADV":5,"EXP":8,"MAS":12,"genre":2},"ロスタイムメモリー":{"BAS":3,"ADV":6,"EXP":9.5,"MAS":12.9,"genre":2},"ヒバナ":{"BAS":3,"ADV":6,"EXP":9.5,"MAS":13.7,"genre":2},"最終鬼畜妹フランドール・S":{"BAS":4,"ADV":7,"EXP":10.5,"MAS":14.4,"genre":3},"\"STAR\"T":{"BAS":3,"ADV":6,"EXP":8,"MAS":12.7,"genre":7},"Excalibur ～Revived resolution～":{"BAS":4,"ADV":8,"EXP":12.8,"MAS":14.8,"genre":9},"Opfer":{"BAS":4,"ADV":8,"EXP":13.7,"MAS":14.8,"genre":9},"神威 (NAOKI × ZPP MIX)":{"BAS":5,"ADV":8.5,"EXP":13.7,"MAS":14.8,"genre":5},"サヴァイバル・キリング・メーカー":{"BAS":3,"ADV":6,"EXP":9.5,"MAS":12.7,"genre":5},"ツクヨミステップ":{"BAS":2,"ADV":5,"EXP":9.5,"MAS":13.8,"genre":5},"【冒険】イングリット葛西降臨！【実況】":{"BAS":3,"ADV":6,"EXP":10.2,"MAS":13.7,"genre":5},"ハジマリノピアノ":{"BAS":3,"ADV":6,"EXP":10.9,"MAS":14,"genre":5},"レーイレーイ":{"BAS":3,"ADV":7,"EXP":10.9,"MAS":13.3,"genre":5},"Surrogate Life":{"BAS":4,"ADV":8,"EXP":12.3,"MAS":14.8,"genre":5},"Nijirate Fanatics":{"BAS":4,"ADV":9,"EXP":13.8,"MAS":14.4,"genre":5},"Destr0yer":{"BAS":4,"ADV":7,"EXP":11.2,"MAS":14.5,"genre":6},"R.I.P.":{"BAS":4,"ADV":7,"EXP":11.3,"MAS":14.1,"genre":6},"せかいせいふく！ゆりあちゃん！":{"BAS":3,"ADV":7,"EXP":12,"MAS":14.4,"genre":5},"Trackless wilderness":{"BAS":4,"ADV":8,"EXP":11.9,"MAS":14.8,"genre":5},"absolute rightness":{"BAS":4,"ADV":7.5,"EXP":12.5,"MAS":14.3,"genre":5},"Walzer für das Nichts":{"BAS":4,"ADV":8,"EXP":12.3,"MAS":14.6,"genre":5},"Lover's Trick":{"BAS":2,"ADV":5,"EXP":8,"MAS":13.4,"genre":5},"まごころのカスクルゥト":{"BAS":2,"ADV":5,"EXP":9.5,"MAS":14.1,"genre":5},"幾望の月":{"BAS":2,"ADV":6,"EXP":10.3,"MAS":13.6,"ULT":14.2,"genre":2},"アカリがやってきたぞっ":{"BAS":2,"ADV":5,"EXP":8,"MAS":13,"genre":2},"おねがいダーリン":{"BAS":3,"ADV":6,"EXP":8.5,"MAS":12.1,"genre":2},"リンカーネイション":{"BAS":3,"ADV":6,"EXP":9,"MAS":13.3,"genre":2},"太陽系デスコ":{"BAS":2,"ADV":5,"EXP":8,"MAS":11.3,"genre":2},"▲MEW▲△MEW△CAKE":{"BAS":3,"ADV":6,"EXP":8,"MAS":11.2,"genre":0},"野良猫ハート":{"BAS":3,"ADV":5,"EXP":8,"MAS":11.7,"genre":0},"進捗どうですか？":{"BAS":3,"ADV":6,"EXP":9,"MAS":12.6,"genre":3},"単一指向性オーバーブルーム":{"BAS":3,"ADV":5,"EXP":9,"MAS":12.9,"genre":7},"《混乱》 ～ Muspell":{"BAS":3,"ADV":6,"EXP":11,"MAS":13.7,"genre":5},"《理想》 ～ Cloudland":{"BAS":2,"ADV":4,"EXP":9.5,"MAS":12.5,"genre":5},"《逃避》 ～ The Deserter":{"BAS":2,"ADV":6,"EXP":10.8,"MAS":13.9,"genre":5},"《最愛》 ～ Curse":{"BAS":3,"ADV":5,"EXP":9.5,"MAS":13.5,"genre":5},"《運命》 ～ Ray of Hope":{"BAS":4,"ADV":8,"EXP":11.4,"MAS":14.3,"genre":5},"Star Divine":{"BAS":3,"ADV":6,"EXP":9,"MAS":12.1,"genre":0},"御旗のもとに":{"BAS":2,"ADV":5,"EXP":9,"MAS":12.3,"genre":6},"みなえをチェック！":{"BAS":3,"ADV":6,"EXP":9,"MAS":13.7,"genre":7},"とーきょー全域★アキハバラ？ (ver.にこる)":{"BAS":3,"ADV":7,"EXP":10.4,"MAS":13.8,"genre":5},"AXION":{"BAS":3,"ADV":7,"EXP":11,"MAS":14.6,"genre":6},"MEGATON BLAST":{"BAS":4,"ADV":8,"EXP":13.2,"MAS":14.7,"genre":9},"結んで開いて羅刹と骸":{"BAS":3,"ADV":5,"EXP":8.5,"MAS":12.8,"genre":2},"ダブルラリアット":{"BAS":2,"ADV":5,"EXP":9,"MAS":11.3,"genre":2},"＊ハロー、プラネット。":{"BAS":2,"ADV":6,"EXP":8,"MAS":12.7,"genre":2},"magnet":{"BAS":3,"ADV":5,"EXP":8.5,"MAS":11.5,"genre":2},"Pump!n":{"BAS":2,"ADV":6,"EXP":10,"MAS":13.8,"genre":3},"Endless Seeker":{"BAS":3,"ADV":6,"EXP":9,"MAS":13.1,"genre":3},"STRIPES feat. EL.J (2018 reinterpretation)":{"BAS":2,"ADV":5,"EXP":8.5,"MAS":11.4,"genre":3},"Cosmic Magic Shooter":{"BAS":3,"ADV":6,"EXP":9,"MAS":12.8,"genre":3},"神楽":{"BAS":3,"ADV":6,"EXP":10,"MAS":13.2,"genre":3},"Bad Apple!! feat.nomico (Nhato Remix)":{"BAS":2,"ADV":6,"EXP":8.5,"MAS":12.8,"genre":3},"ヴンダーカンマー":{"BAS":3,"ADV":6,"EXP":10.3,"MAS":13.9,"genre":5},"Destination":{"BAS":2,"ADV":7,"EXP":9.5,"MAS":13.9,"genre":5},"Fidget Dancer":{"BAS":3,"ADV":7.5,"EXP":11.3,"MAS":14.3,"genre":5},"Megameteor":{"BAS":4,"ADV":9,"EXP":12.7,"MAS":14.8,"genre":5},"Trrricksters!!":{"BAS":4,"ADV":9.5,"EXP":13.4,"MAS":15.1,"genre":5},"Road without Road":{"BAS":3,"ADV":6,"EXP":9,"MAS":12.8,"genre":7},"Ladymade Star":{"BAS":2,"ADV":5,"EXP":8,"MAS":11.7,"genre":6},"Memory of Beach":{"BAS":2,"ADV":5,"EXP":10.3,"MAS":13.8,"genre":6},"SON OF SUN":{"BAS":5,"ADV":7.5,"EXP":13.8,"MAS":14.4,"ULT":14.9,"genre":6},"Rightfully":{"BAS":3,"ADV":6,"EXP":8.5,"MAS":13.2,"genre":0},"巫女みこナース・愛のテーマ":{"BAS":3,"ADV":6,"EXP":9.5,"MAS":12.6,"genre":0},"音弾超人ゴリライザー":{"BAS":3,"ADV":7,"EXP":11,"MAS":13.9,"genre":6},"Giselle":{"BAS":3,"ADV":7.5,"EXP":13.8,"MAS":14.9,"genre":6},"7 colors*":{"BAS":3,"ADV":6,"EXP":10,"MAS":13.2,"genre":6},"Life is PIANO":{"BAS":3,"ADV":6,"EXP":11.1,"MAS":13.8,"genre":6},"タテマエと本心の大乱闘":{"BAS":3,"ADV":6,"EXP":9,"MAS":12.2,"genre":9},"Zest of Blue":{"BAS":3,"ADV":5,"EXP":8.5,"MAS":12.3,"genre":9},"conflict(斉唱)":{"BAS":4,"ADV":7,"EXP":10.9,"MAS":14.3,"genre":7},"チョウの標本":{"BAS":3,"ADV":7,"EXP":11.1,"MAS":14.3,"genre":6},"Be A Shooter！～NORMAL BIG BONUS～":{"BAS":3,"ADV":7,"EXP":10.3,"MAS":12.4,"genre":6},"HELLO to DREAM":{"BAS":2,"ADV":5,"EXP":8,"MAS":11,"genre":0},"君色Everyday":{"BAS":3,"ADV":5,"EXP":8,"MAS":11.5,"genre":0},"お願いマッスル":{"BAS":2,"ADV":5,"EXP":8,"MAS":12.5,"genre":0},"紅蓮華":{"BAS":2,"ADV":5,"EXP":8,"MAS":11.8,"genre":0},"五等分の気持ち":{"BAS":3,"ADV":5,"EXP":9.5,"MAS":11.3,"genre":0},"God knows...":{"BAS":2,"ADV":6,"EXP":9,"MAS":12.5,"genre":0},"Catch the Wave":{"BAS":2,"ADV":6,"EXP":9,"MAS":12.1,"genre":2},"Auxesia":{"BAS":3,"ADV":7,"EXP":10.9,"MAS":13.4,"genre":6},"Sound Chimera":{"BAS":4,"ADV":9,"EXP":11,"MAS":14.7,"genre":6},"やらなきゃいけないことばかり":{"BAS":2,"ADV":6,"EXP":9,"MAS":13.4,"genre":7},"エンドマークに希望と涙を添えて ～イロドリミドリアレンジ～":{"BAS":3,"ADV":7,"EXP":10.3,"MAS":13.8,"genre":7},"Secret Sleuth":{"BAS":2,"ADV":6,"EXP":10.6,"MAS":13.7,"genre":9},"Ghost Dance":{"BAS":3,"ADV":6,"EXP":9,"MAS":12.5,"genre":5},"モノクロトワイライト":{"BAS":2,"ADV":5,"EXP":9.5,"MAS":13.7,"genre":5},"シャッキーーン！！":{"BAS":3,"ADV":7,"EXP":11,"MAS":14.4,"genre":5},"《破滅》 ～ Rhapsody for The End":{"BAS":4,"ADV":8.5,"EXP":12.7,"MAS":14.9,"genre":5},"Ray ―はじまりのセカイ― (クロニクルアレンジver.)":{"BAS":2,"ADV":5,"EXP":8,"MAS":12.6,"genre":0},"狩猟戦旗～REQUIEM":{"BAS":3,"ADV":6,"EXP":9,"MAS":14.2,"genre":0},"メルティランドナイトメア":{"BAS":2,"ADV":6,"EXP":8.5,"MAS":11.4,"genre":2},"絶対にチョコミントを食べるアオイチャン":{"BAS":3,"ADV":6,"EXP":9,"MAS":13.7,"genre":2},"だれかの心臓になれたなら":{"BAS":2,"ADV":6,"EXP":8.5,"MAS":12.6,"genre":2},"アイドル活動！オンパレード！ver.":{"BAS":3,"ADV":5,"EXP":8,"MAS":11.7,"genre":0},"ダイヤモンドハッピー":{"BAS":3,"ADV":6,"EXP":8.5,"MAS":12.7,"genre":0},"Kadenz":{"BAS":3,"ADV":7,"EXP":10.5,"MAS":13.7,"genre":0},"MARENOL":{"BAS":5,"ADV":7.5,"EXP":12.8,"MAS":14.8,"genre":6},"Day by Day CRiSiS Songs":{"BAS":2,"ADV":5,"EXP":9,"MAS":13.7,"genre":7},"Energy Booster ～ 上海紅茶館":{"BAS":3,"ADV":6,"EXP":10.9,"MAS":13.7,"genre":3},"7 days a week":{"BAS":2,"ADV":5,"EXP":8.5,"MAS":11.9,"genre":3},"メイドと血の懐中時計":{"BAS":3,"ADV":6,"EXP":9.5,"MAS":12.7,"genre":3},"ARROW RAIN feat. Ayame":{"BAS":3,"ADV":7,"EXP":10.9,"MAS":13.7,"genre":3},"悪戯センセーション":{"BAS":4,"ADV":6,"EXP":9.5,"MAS":13.3,"genre":3},"紅き魔汁、闇より降りて天啓の響きを導く":{"BAS":4,"ADV":7.5,"EXP":10.6,"MAS":14,"genre":7},"ロング・スロー・アライブ":{"BAS":3,"ADV":6,"EXP":9,"MAS":11.9,"genre":5},"迷える薔薇に終わらぬ夜を":{"BAS":3,"ADV":6,"EXP":10.4,"MAS":12.8,"genre":5},"パームカルマ":{"BAS":3,"ADV":7,"EXP":11.3,"MAS":13.9,"genre":5},"Therapeutic Hoedown":{"BAS":4,"ADV":8,"EXP":12.3,"MAS":14.4,"genre":5},"バイオレンストリガー":{"BAS":3,"ADV":6,"EXP":10.6,"MAS":13.3,"genre":2},"KILLER B":{"BAS":2,"ADV":5,"EXP":10,"MAS":13.7,"genre":2},"アヤカシ":{"BAS":3,"ADV":6,"EXP":9.5,"MAS":12.3,"genre":2},"残響":{"BAS":2,"ADV":6,"EXP":9,"MAS":13.4,"genre":2},"クレイジー・ビート":{"BAS":2,"ADV":5,"EXP":10,"MAS":12.7,"genre":2},"felys -final remix-":{"BAS":4,"ADV":7,"EXP":12.3,"MAS":14.4,"genre":6},"アフタースクール・エモーション":{"BAS":2,"ADV":5,"EXP":8,"MAS":11.7,"genre":7},"Jörqer":{"BAS":3,"ADV":6,"EXP":10,"MAS":13.7,"genre":5},"ちゅんちゅちゅチューン":{"BAS":3,"ADV":6,"EXP":10,"MAS":13.3,"genre":5},"ドルオタ忍道！楠子ノ巻":{"BAS":3,"ADV":6,"EXP":10.7,"MAS":13.5,"genre":5},"エキセントリックコンコン":{"BAS":3,"ADV":5,"EXP":10.4,"MAS":13.7,"genre":5},"大天使ユリア★降臨!":{"BAS":4,"ADV":8,"EXP":11.6,"MAS":14.3,"genre":5},"かっとばせ！未来へ":{"BAS":3,"ADV":6,"EXP":9,"MAS":11.4,"genre":0},"ALL FOR ONE★":{"BAS":3,"ADV":5,"EXP":8,"MAS":11.7,"genre":0},"グリーンライツ・セレナーデ":{"BAS":3,"ADV":6,"EXP":9,"MAS":13.8,"genre":2},"ブレス・ユア・ブレス":{"BAS":3,"ADV":5,"EXP":8,"MAS":13.2,"genre":2},"Jump for Joy":{"BAS":2,"ADV":5,"EXP":9.5,"MAS":11.9,"genre":2},"killy killy JOKER":{"BAS":3,"ADV":6,"EXP":9.5,"MAS":12,"genre":0},"Lostorage":{"BAS":3,"ADV":6,"EXP":9.5,"MAS":12.3,"genre":0},"インドア系ならトラックメイカー":{"BAS":3,"ADV":5,"EXP":10.1,"MAS":12.8,"genre":6},"Blackmagik Blazing":{"BAS":5,"ADV":9.5,"EXP":13.2,"MAS":14.8,"genre":6},"アイジャストロック":{"BAS":3,"ADV":6,"EXP":10,"MAS":12.6,"genre":7},"SUPER RESULT BEAT vol.1":{"BAS":3,"ADV":6,"EXP":10.3,"MAS":13.7,"genre":7},"檄！帝国華撃団＜新章＞":{"BAS":3,"ADV":6,"EXP":8,"MAS":11.7,"genre":6},"チャージマン研！":{"BAS":2,"ADV":5,"EXP":8.5,"MAS":12.6,"genre":0},"殺人レコード恐怖のメロディ":{"BAS":3,"ADV":6,"EXP":10.2,"MAS":14.1,"genre":0},"禁じられた遊び":{"BAS":2,"ADV":5,"EXP":8,"MAS":12.8,"genre":0},"Jade Star":{"BAS":4,"ADV":7,"EXP":10.7,"MAS":14.2,"genre":6},"君と、この瞬間":{"BAS":3,"ADV":6,"EXP":8.5,"MAS":12.6,"genre":7},"We Are Us":{"BAS":2,"ADV":7,"EXP":10.2,"MAS":13.4,"genre":7},"U ARE":{"BAS":2,"ADV":6,"EXP":10.7,"MAS":14.5,"genre":5},"ハードコア・シンドローム":{"BAS":4,"ADV":7.5,"EXP":12.3,"MAS":14.5,"genre":5},"Hainuwele":{"BAS":4,"ADV":8,"EXP":13.7,"MAS":14.8,"genre":5},"宿星審判":{"BAS":4,"ADV":9.5,"EXP":13.8,"MAS":15.1,"genre":5},"Perfect Shining!!":{"BAS":3,"ADV":6,"EXP":9,"MAS":12.7,"genre":9},"みんな Happy!!":{"BAS":2,"ADV":5,"EXP":8,"MAS":11.4,"genre":9},"Here We Go":{"BAS":3,"ADV":5,"EXP":9.5,"MAS":13.9,"genre":9},"P！P！P！P！がおー!!":{"BAS":3,"ADV":6,"EXP":10.7,"MAS":13.8,"genre":9},"今宵mofumofu!!":{"BAS":3,"ADV":6,"EXP":9,"MAS":12.5,"genre":0},"Ascension to Heaven":{"BAS":4,"ADV":8,"EXP":13.8,"MAS":14.8,"genre":6},"Sweet Requiem":{"BAS":4,"ADV":6,"EXP":10.9,"MAS":14.3,"genre":3},"レータイスパークEx":{"BAS":4,"ADV":7,"EXP":11,"MAS":14.2,"genre":3},"小悪魔の遊園地":{"BAS":4,"ADV":8,"EXP":13.5,"MAS":14.9,"genre":6},"The Metaverse -First story of the SeelischTact-":{"BAS":5,"ADV":10,"EXP":14.2,"MAS":15.4,"genre":5},"命に嫌われている":{"BAS":3,"ADV":6,"EXP":9,"MAS":13.4,"genre":2},"乙女解剖":{"BAS":2,"ADV":5,"EXP":8,"MAS":11.8,"genre":2},"さよならエレジー":{"BAS":2,"ADV":5,"EXP":8,"MAS":11.4,"genre":0},"フィクサー":{"BAS":2,"ADV":5,"EXP":9.5,"MAS":13.3,"genre":2},"テリトリーバトル":{"BAS":2,"ADV":5,"EXP":9,"MAS":12.4,"genre":5},"ROAD TO DREAM":{"BAS":3,"ADV":6,"EXP":9.5,"MAS":13.7,"genre":5},"絶対トキメキデリバリー":{"BAS":3,"ADV":5,"EXP":10.5,"MAS":13.5,"genre":5},"Yume no hajimari":{"BAS":2,"ADV":6,"EXP":10.8,"MAS":13.8,"genre":5},"Hey Yeah!!":{"BAS":3,"ADV":7,"EXP":10.8,"MAS":13.8,"genre":5},"B100d Hunter":{"BAS":3,"ADV":8,"EXP":11.4,"MAS":14.6,"genre":5},"Last Celebration":{"BAS":4,"ADV":9.5,"EXP":12.7,"MAS":14.7,"genre":5},"Cyaegha":{"BAS":4,"ADV":8,"EXP":11.2,"MAS":14.3,"genre":6},"Arcahv":{"BAS":3,"ADV":7.5,"EXP":11.7,"MAS":14.1,"genre":6},"AttraqtiA":{"BAS":4,"ADV":8,"EXP":13.2,"MAS":14.8,"genre":6},"Pretender":{"BAS":2,"ADV":5,"EXP":8,"MAS":11,"genre":0},"ごまかし":{"BAS":3,"ADV":6,"EXP":8,"MAS":12.1,"genre":0},"だから僕は音楽を辞めた":{"BAS":2,"ADV":5,"EXP":7.5,"MAS":11.8,"genre":0},"真赤な誓い":{"BAS":3,"ADV":6,"EXP":9.5,"MAS":12.7,"genre":0},"ドラマツルギー":{"BAS":3,"ADV":5,"EXP":10.4,"MAS":12.3,"genre":2},"彗星ハネムーン":{"BAS":2,"ADV":5,"EXP":8,"MAS":11.7,"genre":2},"アンクローズ・ヒューマン":{"BAS":3,"ADV":6,"EXP":9.5,"MAS":13.7,"genre":2},"ベノム":{"BAS":3,"ADV":6,"EXP":9,"MAS":13,"genre":2},"ナイト・オブ・ナイツ (USAO Remix)":{"BAS":3,"ADV":7,"EXP":11,"MAS":14.4,"genre":3},"Alea jacta est!":{"BAS":3,"ADV":8,"EXP":13,"MAS":14.7,"genre":9},"Viyella's Tears":{"BAS":4,"ADV":9,"EXP":13.7,"MAS":14.9,"genre":9},"Paqqin (tpz Despair Remix)":{"BAS":4,"ADV":8,"EXP":12.4,"MAS":14.7,"genre":5},"Jack the GAME":{"BAS":3,"ADV":6,"EXP":10.4,"MAS":13.8,"genre":7},"宙の隣":{"BAS":3,"ADV":6,"EXP":11.1,"MAS":14,"genre":5},"Just You":{"BAS":3,"ADV":6,"EXP":10.7,"MAS":13.8,"genre":5},"Insane Gamemode":{"BAS":3,"ADV":7,"EXP":11.3,"MAS":14.4,"genre":5},"Parad'ox":{"BAS":3,"ADV":7.5,"EXP":12.3,"MAS":14.6,"genre":5},"ANU":{"BAS":4,"ADV":9.5,"EXP":13.7,"MAS":15,"genre":5},"モノノケ・イン・ザ・フィクション":{"BAS":3,"ADV":6,"EXP":9,"MAS":12.9,"genre":0},"愛されなくても君がいる":{"BAS":3,"ADV":5,"EXP":8.5,"MAS":12.8,"genre":2},"ぽかぽかの星":{"BAS":1,"ADV":5,"EXP":7.5,"MAS":10.9,"genre":2},"スターナイトスノウ":{"BAS":3,"ADV":5,"EXP":9,"MAS":12.7,"genre":2},"白ゆき":{"BAS":3,"ADV":6,"EXP":9.5,"MAS":13.3,"genre":2},"Shiny Smily Story":{"BAS":3,"ADV":5,"EXP":8,"MAS":11.9,"genre":0},"キラメキライダー☆":{"BAS":3,"ADV":5,"EXP":8.5,"MAS":12.8,"genre":0},"疾走あんさんぶる":{"BAS":3,"ADV":7,"EXP":11.5,"MAS":13.9,"genre":3},"しゅわスパ大作戦☆":{"BAS":2,"ADV":5,"EXP":9,"MAS":13.4,"genre":3},"LOVE EAST":{"BAS":2,"ADV":6,"EXP":9.5,"MAS":12.5,"genre":3},"MELtin' 17":{"BAS":3,"ADV":6,"EXP":10,"MAS":14,"genre":7},"《狂乱》 ～ Cataclysm":{"BAS":3,"ADV":6,"EXP":11.6,"MAS":13.7,"genre":5},"《投影》 ～ Oh My Baby Doll":{"BAS":3,"ADV":6,"EXP":10.2,"MAS":14.4,"genre":5},"《信仰》 ～ Eudaimonia":{"BAS":3,"ADV":7,"EXP":11.3,"MAS":13.8,"genre":5},"《選別》 ～ Refuge":{"BAS":3,"ADV":7.5,"EXP":11.9,"MAS":14.1,"genre":5},"《本能》 ～ ReCoda":{"BAS":3,"ADV":8,"EXP":10.5,"MAS":14.6,"genre":5},"赤壁、大炎上！！":{"BAS":4,"ADV":9.5,"EXP":13.1,"MAS":14.9,"genre":5},"甲賀忍法帖":{"BAS":3,"ADV":5,"EXP":9,"MAS":12.8,"genre":0},"Everything For A Reason":{"BAS":3,"ADV":6,"EXP":10,"MAS":13.7,"genre":7},"Technicians High":{"BAS":3,"ADV":6,"EXP":11.5,"MAS":14.2,"genre":9},"恋はりんりん☆あーりんベル":{"BAS":3,"ADV":5,"EXP":9,"MAS":12.4,"genre":7},"LINK LINK FEVER!!!":{"BAS":3,"ADV":6,"EXP":9.5,"MAS":11.7,"genre":6},"DX超性能フルメタル少女":{"BAS":3,"ADV":7,"EXP":11.1,"MAS":14.3,"genre":6},"SKYSCRAPER":{"BAS":2,"ADV":6,"EXP":10.9,"MAS":13.9,"genre":6},"Lemegeton -little key of solomon-":{"BAS":3,"ADV":9.5,"EXP":13.2,"MAS":14.8,"genre":6},"BUCHiGiRE Berserker":{"BAS":4,"ADV":9.5,"EXP":13.7,"MAS":14.7,"genre":6},"町かどタンジェント":{"BAS":3,"ADV":6,"EXP":9,"MAS":11.5,"genre":0},"歩いていこう！":{"BAS":1,"ADV":4,"EXP":8,"MAS":11.2,"genre":0},"ぷよぷよのうた ピコピコミックス":{"BAS":3,"ADV":6,"EXP":8.5,"MAS":13.7,"genre":6},"君のせい":{"BAS":3,"ADV":6,"EXP":9.5,"MAS":11.9,"genre":0},"Phantom Joke":{"BAS":3,"ADV":6,"EXP":10.3,"MAS":13.6,"genre":0},"脳裏上のクラッカー":{"BAS":2,"ADV":5,"EXP":8,"MAS":11.8,"genre":0},"もってけ!セーラーふく":{"BAS":3,"ADV":6,"EXP":9,"MAS":12.3,"genre":0},"サクリファイス":{"BAS":3,"ADV":7,"EXP":9.5,"MAS":13.4,"genre":2},"Wizdomiot":{"BAS":4,"ADV":7,"EXP":12.3,"MAS":14.8,"genre":3},"なんかノイズにきこえる":{"BAS":3,"ADV":6,"EXP":8.5,"MAS":13.3,"genre":7},"Over Heart":{"BAS":2,"ADV":6,"EXP":9.5,"MAS":13.9,"genre":7},"the EmpErroR":{"BAS":5,"ADV":7.5,"EXP":13.4,"MAS":14.8,"genre":9},"Good bye, Merry-Go-Round.":{"BAS":4,"ADV":7,"EXP":12.5,"MAS":14.5,"genre":9},"レイニーカラー・ウォーターカラー":{"BAS":2,"ADV":5,"EXP":8,"MAS":11.8,"genre":5},"おいでよ！ 高須らいむランド":{"BAS":3,"ADV":5,"EXP":9,"MAS":12.5,"genre":5},"Charlatan":{"BAS":2,"ADV":6,"EXP":9.5,"MAS":13.3,"genre":5},"萌豚♥功夫♥大乱舞":{"BAS":4,"ADV":7.5,"EXP":10.5,"MAS":13.9,"genre":5},"つっぱれ！にゃんきー魂":{"BAS":3,"ADV":6,"EXP":10.7,"MAS":13.8,"genre":5},"Athlete Killer \"Meteor\"":{"BAS":3,"ADV":7.5,"EXP":10.9,"MAS":14.1,"genre":5},"Blazing:Storm":{"BAS":4,"ADV":8.5,"EXP":12.7,"MAS":14.9,"genre":5},"アンドロイドガール":{"BAS":3,"ADV":6,"EXP":10,"MAS":13.7,"genre":2},"こちら、幸福安心委員会です。":{"BAS":2,"ADV":6,"EXP":11.1,"MAS":13.9,"genre":2},"惑星ループ":{"BAS":3,"ADV":5,"EXP":8.5,"MAS":11.7,"genre":2},"ふぃーばー":{"BAS":2,"ADV":5,"EXP":8.5,"MAS":11.9,"genre":3},"Earthquake Super Shock":{"BAS":3,"ADV":6,"EXP":9,"MAS":12.8,"genre":3},"はたてのバッコイ殺人事件":{"BAS":3,"ADV":6,"EXP":10.2,"MAS":13.7,"genre":3},"ポーカーフェイス":{"BAS":3,"ADV":6,"EXP":9.5,"MAS":14.1,"genre":3},"ケ・セラ・セラ奇想曲":{"BAS":3,"ADV":7,"EXP":10.4,"MAS":13.3,"genre":7},"C & B":{"BAS":3,"ADV":7.5,"EXP":11.8,"MAS":14,"genre":5},"月詠に鳴る":{"BAS":3,"ADV":7,"EXP":10.8,"MAS":14.4,"genre":5},"Blessed Rain":{"BAS":3,"ADV":7.5,"EXP":12.6,"MAS":14.7,"genre":5},"Elemental Ethnic":{"BAS":3,"ADV":8,"EXP":12.5,"MAS":14.8,"genre":5},"X7124":{"BAS":4,"ADV":10,"EXP":14.4,"MAS":15,"genre":5},"異世界かるてっと":{"BAS":3,"ADV":5,"EXP":9.5,"MAS":12.8,"genre":0},"正体判明ネームレスガール":{"BAS":3,"ADV":6,"EXP":9.5,"MAS":13.8,"genre":7},"ここからはじまるプロローグ。":{"BAS":2,"ADV":5,"EXP":10.4,"MAS":13.7,"genre":9},"福宿音屋魂音泉":{"BAS":3,"ADV":6,"EXP":10.3,"MAS":12.8,"genre":9},"BLACK ROSE":{"BAS":2,"ADV":5,"EXP":9.5,"MAS":12.3,"genre":9},"BATTLE NO.1":{"BAS":4,"ADV":9.5,"EXP":12.3,"MAS":14.8,"genre":6},"祈 -我ら神祖と共に歩む者なり-":{"BAS":6,"ADV":10,"EXP":14.5,"MAS":15.4,"genre":5},"GAME IS LIFE":{"BAS":3,"ADV":6,"EXP":10.3,"MAS":13.3,"genre":9},"GranFatalité":{"BAS":3,"ADV":6,"EXP":9.5,"MAS":13.6,"genre":9},"SWEET SHAKE!!":{"BAS":2,"ADV":5,"EXP":9,"MAS":12.8,"genre":9},"What color...":{"BAS":2,"ADV":6,"EXP":10.4,"MAS":12.7,"genre":9},"クロートーと星の観測者":{"BAS":4,"ADV":6,"EXP":10.2,"MAS":14,"genre":6},"真千年女王":{"BAS":4,"ADV":8,"EXP":12.7,"MAS":14.8,"genre":6},"Paradise Lost":{"BAS":3,"ADV":6,"EXP":9.5,"MAS":12.3,"genre":0},"[CRYSTAL_ACCESS]":{"BAS":4,"ADV":6,"EXP":11,"MAS":14.6,"genre":5},"Deep in Abyss":{"BAS":2,"ADV":5,"EXP":8.5,"MAS":11.8,"genre":0},"ベースラインやってる？笑":{"BAS":3,"ADV":5,"EXP":10,"MAS":14.2,"genre":6},"董卓討つべし":{"BAS":3,"ADV":7,"EXP":11.5,"MAS":14,"genre":6},"セカイはまだ始まってすらいない":{"BAS":3,"ADV":5,"EXP":8.5,"MAS":12.2,"genre":2},"TECHNOPOLIS 2085":{"BAS":2,"ADV":7,"EXP":12.1,"MAS":14.5,"genre":5},"ハルシナイト":{"BAS":2,"ADV":5,"EXP":9,"MAS":11.7,"genre":5},"Dark Diver":{"BAS":3,"ADV":5,"EXP":8.5,"MAS":12.7,"genre":5},"Tattoo":{"BAS":3,"ADV":6,"EXP":9,"MAS":12.9,"genre":5},"呪歌-JyuKa-":{"BAS":3,"ADV":6,"EXP":9.5,"MAS":12.5,"genre":5},"再生不能":{"BAS":3,"ADV":8,"EXP":10.5,"MAS":14,"genre":5},"アポカリプスに反逆の焔を焚べろ":{"BAS":4,"ADV":8,"EXP":13.7,"MAS":14.9,"genre":9},"AstrøNotes.":{"BAS":4,"ADV":8,"EXP":13.6,"MAS":14.8,"genre":9},"No.1":{"BAS":3,"ADV":6,"EXP":9,"MAS":11.7,"genre":0},"ザ・ライブ革命でSHOW！":{"BAS":2,"ADV":5,"EXP":9,"MAS":12.4,"genre":0},"Yes! Party Time!!":{"BAS":3,"ADV":5,"EXP":9.5,"MAS":11.8,"genre":0},"香水":{"BAS":2,"ADV":4,"EXP":7,"MAS":10.4,"genre":0},"猫 ～THE FIRST TAKE ver.～":{"BAS":1,"ADV":4,"EXP":8,"MAS":11.4,"genre":0},"インフェルノ":{"BAS":3,"ADV":5,"EXP":9.5,"MAS":12.4,"genre":0},"残酷な天使のテーゼ":{"BAS":2,"ADV":5,"EXP":8,"MAS":11.3,"genre":0},"夜に駆ける":{"BAS":2,"ADV":5,"EXP":9,"MAS":11.8,"genre":0},"紅":{"BAS":3,"ADV":7,"EXP":11.3,"MAS":14.6,"genre":0},"GO! GO! MANIAC":{"BAS":3,"ADV":6,"EXP":10,"MAS":13.5,"genre":0},"廻廻奇譚":{"BAS":3,"ADV":6,"EXP":9,"MAS":12.4,"genre":0},"エクストラ・マジック・アワー":{"BAS":3,"ADV":6,"EXP":8.5,"MAS":12.5,"genre":0},"名前のない怪物":{"BAS":3,"ADV":6,"EXP":9,"MAS":12.6,"genre":0},"ヴィラン":{"BAS":3,"ADV":5,"EXP":9.5,"MAS":13.2,"genre":2},"KING":{"BAS":3,"ADV":5,"EXP":9,"MAS":12.3,"genre":2},"電脳少女は歌姫の夢を見るか？":{"BAS":3,"ADV":6,"EXP":10,"MAS":14.2,"genre":2},"心予報":{"BAS":3,"ADV":5,"EXP":8.5,"MAS":12.8,"genre":2},"拝啓、桜舞い散るこの日に":{"BAS":3,"ADV":6,"EXP":9.5,"MAS":12.5,"genre":2},"セカイ":{"BAS":2,"ADV":5,"EXP":9.5,"MAS":13,"genre":2},"ローリンガール":{"BAS":3,"ADV":6,"EXP":9,"MAS":13.4,"genre":2},"骸骨楽団とリリア":{"BAS":2,"ADV":6,"EXP":10.2,"MAS":12.8,"genre":2},"失敗作少女":{"BAS":3,"ADV":5,"EXP":9,"MAS":12.9,"genre":2},"高音厨音域テスト":{"BAS":4,"ADV":6,"EXP":8.5,"MAS":12,"genre":2},"深海のリトルクライ feat. 土岐麻子":{"BAS":3,"ADV":6,"EXP":9.5,"MAS":13.6,"genre":2},"ナイト・オブ・ナイツ (かめりあ’s“ワンス・アポン・ア・ナイト”Remix)":{"BAS":3,"ADV":7,"EXP":10.9,"MAS":14.4,"genre":3},"Bad Apple!! feat.nomico (REDALiCE Remix)":{"BAS":3,"ADV":6,"EXP":9.5,"MAS":12.9,"genre":3},"No Life Queen [DJ Command Remix]":{"BAS":3,"ADV":6,"EXP":10.1,"MAS":13.4,"genre":3},"Little \"Sister\" Bitch":{"BAS":4,"ADV":6,"EXP":9.5,"MAS":13.9,"genre":3},"キャプテン・ムラサのケツアンカー":{"BAS":3,"ADV":6,"EXP":9.5,"MAS":13,"genre":3},"ホイホイ☆幻想ホロイズム":{"BAS":3,"ADV":6,"EXP":10.1,"MAS":13.9,"genre":3},"A Site De La Rue":{"BAS":3,"ADV":7,"EXP":12.9,"MAS":14.9,"genre":6},"XL TECHNO -More Dance Remix-":{"BAS":2,"ADV":6,"EXP":13.9,"MAS":14.5,"genre":6},"CHAOS":{"BAS":2,"ADV":7,"EXP":10,"MAS":13.8,"genre":6},"二次元ドリームフィーバー":{"BAS":4,"ADV":6,"EXP":10.5,"MAS":14,"genre":2},"SINister Evolution":{"BAS":3,"ADV":5,"EXP":12.3,"MAS":14.8,"genre":6},"]-[|/34<#!":{"BAS":4,"ADV":8.5,"EXP":14,"MAS":14.9,"genre":6},"Crimson Phoenix":{"BAS":4,"ADV":7.5,"EXP":13.1,"MAS":14.7,"genre":6},"8OROCHI":{"BAS":4,"ADV":7.5,"EXP":12.9,"MAS":14.6,"genre":6},"Satellite System ft.Diana Chiaki":{"BAS":4,"ADV":7.5,"EXP":12.9,"MAS":14.3,"genre":6},"DAZZLING♡SEASON":{"BAS":3,"ADV":7,"EXP":9,"MAS":13.8,"genre":6},"ミュージック・リボルバー":{"BAS":3,"ADV":7,"EXP":11.5,"MAS":14.5,"genre":6},"REDRAVE":{"BAS":3,"ADV":6,"EXP":11.9,"MAS":14,"genre":6},"BLUE ZONE":{"BAS":3,"ADV":7,"EXP":10.5,"MAS":14.6,"genre":6},"花たちに希望を":{"BAS":4,"ADV":7,"EXP":10.5,"MAS":14.3,"genre":6},"召しませ！Rock'n Roll Party":{"BAS":2,"ADV":6,"EXP":10.7,"MAS":13.4,"genre":7},"脳天直撃":{"BAS":4,"ADV":9,"EXP":13.3,"MAS":14.9,"genre":9},"封焔の135秒":{"BAS":4,"ADV":8,"EXP":13.7,"MAS":14.8,"genre":9},"UltraNeon":{"BAS":3,"ADV":7.5,"EXP":11.6,"MAS":14.3,"genre":5},"雪男":{"BAS":4,"ADV":10,"EXP":12.1,"MAS":15,"genre":5},"DDDD":{"BAS":3,"ADV":6,"EXP":9.5,"MAS":13,"genre":5},"Ring":{"BAS":3,"ADV":5,"EXP":8.5,"MAS":11.5,"genre":5},"Blazing Break":{"BAS":3,"ADV":5,"EXP":9.5,"MAS":13.6,"genre":5},"Give me Love♡":{"BAS":3,"ADV":5,"EXP":9,"MAS":11.8,"genre":5},"Crack":{"BAS":4,"ADV":7,"EXP":11,"MAS":14,"genre":5},"STAR IN THE WORLD":{"BAS":3,"ADV":6,"EXP":10.1,"MAS":12.8,"genre":5},"蜘蛛の糸":{"BAS":4,"ADV":8.5,"EXP":13.7,"MAS":15,"genre":5},"コスモポップファンクラブ":{"BAS":2,"ADV":5,"EXP":9.5,"MAS":12,"genre":5},"夢路拍子":{"BAS":3,"ADV":6,"EXP":9.5,"MAS":12.4,"genre":5},"人生攻略☆Tips":{"BAS":3,"ADV":5,"EXP":9,"MAS":11.9,"genre":5},"ピュグマリオンの咒文":{"BAS":3,"ADV":6,"EXP":11.1,"MAS":14.1,"genre":5},"創世のコンツェルティーナ":{"BAS":3,"ADV":7,"EXP":10.5,"MAS":13.4,"genre":5},"Fantasm":{"BAS":3,"ADV":6,"EXP":10.1,"MAS":13.6,"genre":5},"Echoes":{"BAS":3,"ADV":6,"EXP":9.5,"MAS":13.7,"genre":5},"Super Kitsch Mode":{"BAS":3,"ADV":6,"EXP":10.2,"MAS":13.6,"genre":5},"Pre Paid Pog Punk Panic":{"BAS":3,"ADV":7,"EXP":12,"MAS":14.2,"genre":5},"自分勝手Dazzling":{"BAS":3,"ADV":5,"EXP":9.5,"MAS":12.3,"genre":5},"Utopithm":{"BAS":3,"ADV":6,"EXP":10,"MAS":13.7,"genre":5},"妖怪ですから":{"BAS":3,"ADV":6,"EXP":9,"MAS":13.2,"genre":5},"Glory Days":{"BAS":3,"ADV":5,"EXP":10,"MAS":12.2,"genre":5},"Spiral Fortune":{"BAS":3,"ADV":6,"EXP":9,"MAS":13.9,"genre":5},"キズナミュージック♪":{"BAS":3,"ADV":5,"EXP":9,"MAS":12.4,"genre":0},"FIRE BIRD":{"BAS":3,"ADV":5,"EXP":9.5,"MAS":13.5,"genre":0},"最強 the サマータイム!!!!!":{"BAS":3,"ADV":6,"EXP":9.5,"MAS":12.8,"genre":9},"I believe what you said":{"BAS":2,"ADV":5,"EXP":9,"MAS":11.7,"genre":0},"スーサイドパレヱド":{"BAS":3,"ADV":6,"EXP":9.5,"MAS":13.1,"genre":2},"永遠にゲームで対戦したいキリタン":{"BAS":2,"ADV":5,"EXP":9.5,"MAS":12.7,"genre":2},"アンヘル":{"BAS":3,"ADV":6,"EXP":9,"MAS":13.7,"genre":2},"Get a Life！":{"BAS":3,"ADV":6,"EXP":9.5,"MAS":12.9,"genre":7},"ロストワードクロニカル":{"BAS":3,"ADV":5,"EXP":9.5,"MAS":13.6,"genre":3},"Yakumo >>JOINT STRUGGLE (2019 Update)":{"BAS":3,"ADV":7,"EXP":11.4,"MAS":14.7,"genre":3},"全力ハッピーライフ":{"BAS":3,"ADV":6,"EXP":9.5,"MAS":13.3,"genre":3},"明星ロケット":{"BAS":2,"ADV":5,"EXP":9,"MAS":13.3,"genre":3},"神々が恋した幻想郷":{"BAS":3,"ADV":5,"EXP":10,"MAS":14.4,"genre":3},"乙女のルートはひとつじゃない！":{"BAS":3,"ADV":5,"EXP":9.5,"MAS":11.5,"genre":0},"Love & Justice":{"BAS":4,"ADV":6,"EXP":12.7,"MAS":14.9,"genre":6},"《自戒》 ～ Paganelope":{"BAS":3,"ADV":5,"EXP":10.5,"MAS":14.6,"genre":5},"《紀律》 ～ As One":{"BAS":3,"ADV":6,"EXP":11,"MAS":13.9,"genre":5},"《種子》 ～ Set You Free":{"BAS":4,"ADV":6,"EXP":10.5,"MAS":13.8,"genre":5},"《偏愛》 ～ Shattered Memories":{"BAS":3,"ADV":6,"EXP":13,"MAS":14.4,"genre":5},"Limits":{"BAS":3,"ADV":5,"EXP":9,"MAS":12.9,"genre":7},"天空カフェテリア":{"BAS":3,"ADV":5,"EXP":8.5,"MAS":12.2,"genre":0},"ヒバリ":{"BAS":3,"ADV":6,"EXP":9.5,"MAS":13,"genre":0},"Say!ファンファーレ!":{"BAS":3,"ADV":6,"EXP":9,"MAS":12.2,"genre":0},"Virtual to LIVE":{"BAS":2,"ADV":5,"EXP":9.5,"MAS":11.3,"genre":0},"Don't Fight The Music":{"BAS":4,"ADV":7,"EXP":12.3,"MAS":14.8,"genre":9},"Realize":{"BAS":3,"ADV":6,"EXP":10,"MAS":13.3,"genre":0},"ラグトレイン":{"BAS":2,"ADV":5,"EXP":8.5,"MAS":11.7,"genre":2},"幽霊東京":{"BAS":2,"ADV":5,"EXP":8,"MAS":11.6,"genre":2},"ポジティブ・パレード":{"BAS":2,"ADV":6,"EXP":8.5,"MAS":12.4,"genre":2},"Blueprint":{"BAS":3,"ADV":5,"EXP":9.5,"MAS":12.7,"genre":7},"Kattobi舞高Riders":{"BAS":3,"ADV":5,"EXP":10,"MAS":13.7,"genre":7},"FLARE":{"BAS":3,"ADV":5,"EXP":9.5,"MAS":12.6,"genre":0},"UTAKATA":{"BAS":3,"ADV":5,"EXP":9,"MAS":12.9,"genre":9},"Rule the World!!":{"BAS":3,"ADV":6,"EXP":10,"MAS":14,"genre":9},"どうぶつ☆パラダイス":{"BAS":2,"ADV":5,"EXP":9.5,"MAS":11.5,"genre":9},"Radiance":{"BAS":3,"ADV":6,"EXP":10.5,"MAS":13.9,"genre":9},"Lost Princess":{"BAS":2,"ADV":5,"EXP":9,"MAS":11.7,"genre":0},"Mirage Game":{"BAS":3,"ADV":6,"EXP":9.5,"MAS":12.4,"genre":0},"ルナティックレッドアイズ":{"BAS":3,"ADV":5,"EXP":9,"MAS":12.9,"genre":3},"#FairyJoke":{"BAS":3,"ADV":6,"EXP":10,"MAS":14.1,"genre":3},"NewStartでReadyGo!":{"BAS":2,"ADV":5,"EXP":9,"MAS":12,"genre":7},"Qliphothgear":{"BAS":4,"ADV":7,"EXP":13.4,"MAS":14.5,"genre":5},"SQUAD-Phvntom-":{"BAS":4,"ADV":7.5,"EXP":13.3,"MAS":14.3,"genre":5},"parvorbital":{"BAS":4,"ADV":7.5,"EXP":13,"MAS":15,"genre":5},"Inpaqq":{"BAS":3,"ADV":6,"EXP":10.4,"MAS":13.9,"genre":5},"Strange Love":{"BAS":4,"ADV":10,"EXP":13.7,"MAS":15.2,"genre":5},"Akasagarbha -reincarnate-":{"BAS":4,"ADV":7,"EXP":12.9,"MAS":14.5,"genre":6},"なだめスかし Negotiation（TVsize）":{"BAS":3,"ADV":5,"EXP":9.5,"MAS":12.8,"genre":0},"88D":{"BAS":3,"ADV":5,"EXP":10.8,"MAS":14,"genre":6},"カラッポ・ノンフィクション":{"BAS":3,"ADV":6,"EXP":9,"MAS":13.4,"genre":6},"Tuk Tuk Boshi":{"BAS":3,"ADV":7,"EXP":10.5,"MAS":14.7,"genre":6},"プナイプナイたいそう":{"BAS":3,"ADV":6,"EXP":10.5,"MAS":14.4,"genre":6},"多重未来のカルテット -Quartet Theme-":{"BAS":3,"ADV":5,"EXP":9.5,"MAS":13.7,"genre":2},"Starduster":{"BAS":1,"ADV":4,"EXP":7.5,"MAS":10.8,"genre":2},"崩壊歌姫 -disruptive diva-":{"BAS":3,"ADV":6,"EXP":10,"MAS":13.9,"genre":2},"マージナル":{"BAS":3,"ADV":6,"EXP":9,"MAS":12.8,"genre":2},"ぽっぴっぽー":{"BAS":3,"ADV":5,"EXP":9.5,"MAS":13.7,"genre":2},"The secret garden":{"BAS":2,"ADV":5,"EXP":8.5,"MAS":12.4,"genre":2},"Iudicium “Apocalypsis Mix”":{"BAS":3,"ADV":6,"EXP":11,"MAS":14.4,"genre":9},"IMPACT":{"BAS":4,"ADV":8,"EXP":12.9,"MAS":14.5,"genre":5},"Long shot":{"BAS":2,"ADV":5,"EXP":9.5,"MAS":12.4,"genre":0},"MEGALOVANIA":{"BAS":4,"ADV":8,"EXP":13.5,"MAS":14,"genre":6},"NightTheater":{"BAS":3,"ADV":6,"EXP":11.8,"MAS":14.3,"genre":6},"圧　倒　的　存　在　感":{"BAS":3,"ADV":6,"EXP":10,"MAS":13,"genre":0},"ピアノ協奏曲第１番”蠍火”":{"BAS":4,"ADV":9,"EXP":14,"MAS":15.3,"genre":6},"永遠のAria":{"BAS":3,"ADV":5,"EXP":8.5,"MAS":12.7,"genre":0},"うまぴょい伝説":{"BAS":3,"ADV":6,"EXP":9.5,"MAS":12.5,"genre":0},"うっせぇわ":{"BAS":3,"ADV":5,"EXP":9,"MAS":12.9,"genre":0},"天火明命":{"BAS":3,"ADV":6,"EXP":10,"MAS":14,"genre":9},"Blows Up Everything":{"BAS":4,"ADV":8.5,"EXP":13.6,"MAS":14.2,"genre":9},"Baqeela":{"BAS":3,"ADV":5,"EXP":10.1,"MAS":14.1,"genre":9},"花と、雪と、ドラムンベース。":{"BAS":3,"ADV":5,"EXP":10.8,"MAS":14.3,"genre":9},"グッバイ宣言":{"BAS":3,"ADV":5,"EXP":9,"MAS":12.3,"genre":2},"テレキャスタービーボーイ":{"BAS":3,"ADV":5,"EXP":9.5,"MAS":12.6,"genre":2},"ボッカデラベリタ":{"BAS":3,"ADV":6,"EXP":10,"MAS":13.2,"genre":2},"ヴァンパイア":{"BAS":3,"ADV":6,"EXP":9.5,"MAS":11.9,"genre":2},"帝国少女":{"BAS":2,"ADV":4,"EXP":9,"MAS":12.3,"genre":2},"クーネル・エンゲイザー":{"BAS":3,"ADV":5,"EXP":10,"MAS":13.2,"genre":2},"回転 feat.あやぽんず＊":{"BAS":3,"ADV":5,"EXP":9.5,"MAS":12.2,"genre":3},"SOUL 2 DIVIDE":{"BAS":3,"ADV":5,"EXP":9,"MAS":13.4,"genre":3},"Cinderella Story [BlackY Remix]":{"BAS":3,"ADV":6,"EXP":10,"MAS":14.1,"genre":3},"妖々跋扈　～ Who done it！！！":{"BAS":4,"ADV":6,"EXP":12.5,"MAS":14.5,"genre":3},"宵闇の月に抱かれて":{"BAS":4,"ADV":5,"EXP":10.3,"MAS":14,"genre":3},"Starting Over":{"BAS":3,"ADV":6,"EXP":9.5,"MAS":13.7,"genre":7},"POTENTIAL":{"BAS":5,"ADV":10,"EXP":14.3,"MAS":15.1,"genre":5},"まっすぐ→→→ストリーム!":{"BAS":3,"ADV":6,"EXP":9,"MAS":13.1,"genre":9},"トリドリ⇒モリモリ! Lovely fruits☆":{"BAS":3,"ADV":6,"EXP":10.5,"MAS":12.5,"genre":9},"夜明けのストリング":{"BAS":2,"ADV":5,"EXP":9,"MAS":12.3,"genre":9},"Valsqotch":{"BAS":5,"ADV":8.5,"EXP":13.5,"MAS":14.5,"genre":9},"違う、そうじゃない":{"BAS":1,"ADV":4,"EXP":8.5,"MAS":12.3,"genre":0},"俺ら東京さ行ぐだ":{"BAS":2,"ADV":4,"EXP":9,"MAS":12.7,"genre":0},"J219":{"BAS":2,"ADV":6,"EXP":10.9,"MAS":14.4,"genre":6},"CAT'S EYE":{"BAS":3,"ADV":5,"EXP":9.5,"MAS":13,"genre":7},"ヤミツキ":{"BAS":2,"ADV":5,"EXP":10,"MAS":13,"genre":9},"Titania":{"BAS":5,"ADV":8,"EXP":13.8,"MAS":14.8,"genre":9},"Cry Baby":{"BAS":1,"ADV":5,"EXP":8,"MAS":11.4,"genre":0},"怪物":{"BAS":3,"ADV":6,"EXP":9,"MAS":12.5,"genre":0},"明け星":{"BAS":1,"ADV":4,"EXP":8.5,"MAS":11.7,"genre":0},"シル・ヴ・プレジデント":{"BAS":3,"ADV":6,"EXP":9.5,"MAS":12.6,"genre":0},"さんさーら！":{"BAS":2,"ADV":5,"EXP":9.5,"MAS":12.7,"genre":0},"ギラギラ":{"BAS":1,"ADV":4,"EXP":8.5,"MAS":11.8,"genre":0},"モア！ジャンプ！モア！":{"BAS":3,"ADV":6,"EXP":9.5,"MAS":13.2,"genre":2},"携帯恋話":{"BAS":2,"ADV":5,"EXP":9,"MAS":13.7,"genre":2},"エンヴィーベイビー":{"BAS":3,"ADV":6,"EXP":9,"MAS":12.2,"genre":2},"ダーリンダンス":{"BAS":3,"ADV":5,"EXP":9.5,"MAS":12.6,"genre":2},"初音天地開闢神話":{"BAS":5,"ADV":7,"EXP":13.6,"MAS":14.7,"genre":2},"無間嫉妬劇場『666』":{"BAS":3,"ADV":6,"EXP":10.4,"MAS":13.5,"genre":3},"ENDYMION":{"BAS":7.5,"ADV":11.4,"EXP":14.4,"MAS":15,"genre":6},"竹":{"BAS":5,"ADV":7.5,"EXP":13,"MAS":14.6,"genre":6},"Forever and…":{"BAS":2,"ADV":5,"EXP":9.5,"MAS":12.2,"genre":7},"タイムカプセル":{"BAS":3,"ADV":5,"EXP":9.5,"MAS":12.9,"genre":5},"パズルリボン":{"BAS":3,"ADV":6,"EXP":9.5,"MAS":13,"genre":5},"Be4Step":{"BAS":3,"ADV":6,"EXP":10,"MAS":13.6,"genre":5},"Everlasting Liberty":{"BAS":4,"ADV":7,"EXP":13.6,"MAS":14.7,"genre":5},"とびだせ！TO THE COSMIC!!":{"BAS":3,"ADV":7,"EXP":10,"MAS":13.5,"genre":9},"星めぐり、果ての君へ。":{"BAS":3,"ADV":6,"EXP":9,"MAS":12.7,"genre":9},"モ°ルモ°ル":{"BAS":4,"ADV":7.5,"EXP":13.4,"MAS":14.4,"genre":9},"蒼穹舞楽":{"BAS":3,"ADV":7,"EXP":12.5,"MAS":14.5,"genre":9},"Komplexe":{"BAS":3,"ADV":6,"EXP":10.4,"MAS":14.2,"genre":9},"愛のシンギュラリティ":{"BAS":3,"ADV":7,"EXP":10.5,"MAS":13.9,"genre":5},"アナタニナルノ":{"BAS":3,"ADV":6,"EXP":10.4,"MAS":13.4,"genre":5},"コトバウタ":{"BAS":2,"ADV":5,"EXP":10,"MAS":12.5,"genre":7},"A Man In The Mirror":{"BAS":3,"ADV":7.5,"EXP":13.4,"MAS":14.9,"genre":9},"Dig Delight!":{"BAS":3,"ADV":6,"EXP":9.5,"MAS":12.7,"genre":0},"Floor Killer":{"BAS":2,"ADV":5,"EXP":9,"MAS":12.6,"genre":0},"ジャンキーナイトタウンオーケストラ":{"BAS":2,"ADV":5,"EXP":9.5,"MAS":13.4,"genre":2},"エバ":{"BAS":2,"ADV":5,"EXP":10.5,"MAS":13.7,"genre":2},"トラフィック・ジャム":{"BAS":2,"ADV":5,"EXP":9,"MAS":13,"genre":2},"舞高最強ドリームセッション!!!!! ～180秒一曲勝負～":{"BAS":4,"ADV":7,"EXP":10.4,"MAS":13.4,"genre":7},"HERA":{"BAS":5,"ADV":8.5,"EXP":11.5,"MAS":14.8,"genre":9},"I'll make you Super Rock Star":{"BAS":3,"ADV":6,"EXP":10.3,"MAS":14.3,"genre":5},"Reverberate":{"BAS":4,"ADV":8,"EXP":13.7,"MAS":14.9,"genre":5},"Breakthrough":{"BAS":4,"ADV":7,"EXP":11.8,"MAS":13.9,"genre":5},"Scythe of Death":{"BAS":4,"ADV":9,"EXP":13.9,"MAS":14.9,"genre":5},"くらべられっ子":{"BAS":3,"ADV":5,"EXP":8.5,"MAS":12.4,"genre":2},"あの世行きのバスに乗ってさらば。":{"BAS":3,"ADV":6,"EXP":9.5,"MAS":12.7,"genre":2},"泥の分際で私だけの大切を奪おうだなんて":{"BAS":3,"ADV":6,"EXP":10,"MAS":13.3,"genre":2},"吉原ラメント":{"BAS":3,"ADV":5,"EXP":9,"MAS":11.9,"genre":2},"フォニイ":{"BAS":3,"ADV":5,"EXP":9.5,"MAS":12.8,"genre":2},"愛のシュプリーム！":{"BAS":2,"ADV":5,"EXP":9,"MAS":12,"genre":0},"めいど・うぃず・どらごんず♥":{"BAS":2,"ADV":5,"EXP":9.5,"MAS":11.8,"genre":0},"Re：End of a Dream":{"BAS":4,"ADV":8,"EXP":13.9,"MAS":14.8,"genre":6},"僕らのFreedom DiVE↓":{"BAS":4,"ADV":7,"EXP":10,"MAS":14.1,"genre":7},"色彩過剰のダイアリーミュージック":{"BAS":4,"ADV":8,"EXP":11.4,"MAS":14.6,"genre":7},"Last Kingdom":{"BAS":4,"ADV":8,"EXP":11,"MAS":14.3,"genre":9},"3倍！Sun Shine！カーニバル！":{"BAS":2,"ADV":5,"EXP":9,"MAS":11.9,"genre":0},"地獄屋八丁荒らし":{"BAS":2,"ADV":6,"EXP":8,"MAS":12.3,"genre":0},"ハッピーエンドをはじめから":{"BAS":3,"ADV":6,"EXP":10,"MAS":11.6,"genre":0},"過去を喰らう":{"BAS":3,"ADV":5,"EXP":9.5,"MAS":12.9,"genre":0},"失礼しますが、RIP♡":{"BAS":3,"ADV":5,"EXP":10,"MAS":13.5,"genre":0},"Splash Dance!!":{"BAS":3,"ADV":6,"EXP":9.5,"MAS":12.4,"genre":9},"帰り道":{"BAS":2,"ADV":5,"EXP":8.5,"MAS":10.9,"genre":7},"QZKago Requiem":{"BAS":5,"ADV":8.5,"EXP":13.7,"MAS":14.9,"genre":9},"#SUP3RORBITAL":{"BAS":4,"ADV":7.5,"EXP":12.4,"MAS":14.7,"genre":5},"WE'RE BACK!!":{"BAS":3,"ADV":7,"EXP":12.9,"MAS":14.6,"genre":5},"Brightness":{"BAS":3,"ADV":6,"EXP":12,"MAS":14.4,"genre":5},"Λzure Vixen":{"BAS":4,"ADV":8.5,"EXP":13.8,"MAS":15.2,"genre":5},"僕の戦争":{"BAS":2,"ADV":5,"EXP":9,"MAS":12.5,"genre":0},"ポケットからぬりつぶせ！":{"BAS":2,"ADV":5,"EXP":10,"MAS":11.9,"genre":9},"Y.Y.Y.計画!!!!":{"BAS":3,"ADV":6,"EXP":9.5,"MAS":12.6,"genre":9},"最っ高のエンタメだ!!":{"BAS":3,"ADV":6,"EXP":10.7,"MAS":13,"genre":9},"GODLINESS":{"BAS":3,"ADV":7,"EXP":10.9,"MAS":14.1,"genre":9},"ホーリーサンバランド":{"BAS":3,"ADV":6,"EXP":13.1,"MAS":14.7,"genre":6},"MALKUTH -The Last Ruler of Terrestrials-":{"BAS":5,"ADV":12.3,"EXP":14.5,"MAS":15.4,"genre":5},"DA'AT -The First Seeker of Souls-":{"BAS":5,"ADV":12,"EXP":14.6,"MAS":15.3,"genre":5},"キルミーのベイベー！":{"BAS":3,"ADV":5,"EXP":10,"MAS":13.9,"genre":0},"Rumbling hearts":{"BAS":2,"ADV":5,"EXP":8,"MAS":11.6,"genre":0},"非実在系女子達はどうすりゃいいですか？":{"BAS":2,"ADV":6,"EXP":9,"MAS":13,"genre":0},"恋ひ恋ふ縁":{"BAS":2,"ADV":5,"EXP":8,"MAS":11.9,"genre":0},"Transcend Lights":{"BAS":1,"ADV":6,"EXP":9.5,"MAS":12.2,"genre":9},"Get the star for you [DJ Command Remix]":{"BAS":3,"ADV":5,"EXP":9,"MAS":12.7,"genre":3},"Music Evolution":{"BAS":3,"ADV":5,"EXP":9,"MAS":12.6,"genre":3},"ハウリング":{"BAS":3,"ADV":6,"EXP":9,"MAS":12.4,"genre":3},"寡黙なるフォール":{"BAS":3,"ADV":7,"EXP":10,"MAS":14,"genre":3},"みずいろレインドロップ":{"BAS":3,"ADV":6,"EXP":9,"MAS":13,"genre":3},"BlackFlagBreaker!!":{"BAS":3,"ADV":7.5,"EXP":10.6,"MAS":14,"genre":0},"Before I Rise":{"BAS":2,"ADV":5,"EXP":8.5,"MAS":11.9,"genre":0},"ミックスナッツ":{"BAS":2,"ADV":5,"EXP":9,"MAS":12.7,"genre":0},"阿修羅ちゃん":{"BAS":3,"ADV":5,"EXP":9,"MAS":12.6,"genre":0},"なにやってもうまくいかない":{"BAS":2,"ADV":5,"EXP":9.5,"MAS":12.7,"genre":0},"ユメヲカケル！":{"BAS":3,"ADV":6,"EXP":9.5,"MAS":12.9,"genre":0},"いただきバベル (Prod. ケンモチヒデフミ)":{"BAS":3,"ADV":6,"EXP":10,"MAS":13,"genre":0},"キュートなカノジョ":{"BAS":3,"ADV":6,"EXP":9,"MAS":12.9,"genre":2},"神っぽいな":{"BAS":2,"ADV":5,"EXP":9.5,"MAS":12.5,"genre":2},"トンデモワンダーズ":{"BAS":3,"ADV":6,"EXP":11.3,"MAS":13.9,"genre":2},"スカーレット警察のゲットーパトロール24時":{"BAS":3,"ADV":5,"EXP":9,"MAS":13.7,"genre":3},"I'm so Happy":{"BAS":4,"ADV":8.5,"EXP":12.5,"MAS":13.8,"genre":6},"Random":{"BAS":3,"ADV":6,"EXP":10,"MAS":14.4,"genre":6},"超Rock The Party":{"BAS":3,"ADV":6,"EXP":10,"MAS":13.3,"genre":7},"アンビバレンス":{"BAS":4,"ADV":7,"EXP":10.5,"MAS":12.3,"genre":9},"TEmPTaTiON":{"BAS":4,"ADV":8,"EXP":13.2,"MAS":14.8,"genre":9},"Falsum Atlantis.":{"BAS":4,"ADV":7.5,"EXP":13,"MAS":14.8,"genre":9},"ミラージュ・フレイグランス":{"BAS":4,"ADV":8.5,"EXP":12.2,"MAS":14.3,"genre":9},"インパアフェクシオン・ホワイトガアル":{"BAS":3,"ADV":6,"EXP":10.9,"MAS":14,"genre":5},"クリーパー":{"BAS":1,"ADV":5,"EXP":9.5,"MAS":12.3,"genre":5},"Ignition":{"BAS":4,"ADV":6,"EXP":10.9,"MAS":13.8,"genre":5},"推してもダメならひいてみな！":{"BAS":3,"ADV":7,"EXP":9.5,"MAS":12.6,"genre":5},"ガチ恋ラビリンス":{"BAS":4,"ADV":7,"EXP":10.5,"MAS":14.1,"genre":5},"CELERITAS":{"BAS":4,"ADV":8.5,"EXP":11.5,"MAS":14.5,"genre":5},"グラウンドスライダー協奏曲第一番「風唄」":{"BAS":4,"ADV":8,"EXP":14.1,"MAS":15.3,"genre":5},"Crawler / Flyer":{"BAS":3,"ADV":5,"EXP":10.5,"MAS":13.7,"genre":5},"Re:Credits":{"BAS":2,"ADV":5,"EXP":10,"MAS":13.6,"genre":5},"Cheat Sheet":{"BAS":3,"ADV":6,"EXP":10.5,"MAS":13.8,"genre":5},"One Room Sky":{"BAS":3,"ADV":6,"EXP":11.4,"MAS":13.5,"genre":5},"Girl's Party Planet!":{"BAS":2,"ADV":5,"EXP":9,"MAS":11.7,"genre":9},"Burn My Soul":{"BAS":3,"ADV":5,"EXP":9,"MAS":12.8,"genre":0},"Let you DIVE!":{"BAS":3,"ADV":7,"EXP":9,"MAS":12,"genre":6},"Knight Rider":{"BAS":3,"ADV":9,"EXP":13.4,"MAS":14.2,"genre":6},"ADAM":{"BAS":3,"ADV":7.5,"EXP":11.4,"MAS":14.1,"genre":6},"Exitium":{"BAS":4,"ADV":8.5,"EXP":13.5,"MAS":14.9,"genre":6},"eden":{"BAS":4,"ADV":8,"EXP":13.8,"MAS":14.8,"genre":6},"Redo":{"BAS":3,"ADV":6,"EXP":9.5,"MAS":12.8,"ULT":13.7,"genre":0},"grilletto":{"BAS":3,"ADV":6,"EXP":9,"MAS":11.8,"genre":0},"Lemon":{"BAS":2,"ADV":4,"EXP":7.5,"MAS":10.5,"genre":0},"BURST THE GRAVITY":{"BAS":3,"ADV":5,"EXP":8,"MAS":12.3,"genre":0},"ヒプノシスマイク -Division Battle Anthem-":{"BAS":2,"ADV":5,"EXP":9,"MAS":12.5,"genre":0},"ハッピー☆マテリアル":{"BAS":3,"ADV":5,"EXP":8,"MAS":11.3,"genre":0},"Baby Sweet Berry Love":{"BAS":3,"ADV":5,"EXP":9,"MAS":11.4,"genre":0},"Deal with the devil":{"BAS":3,"ADV":6,"EXP":9,"MAS":13.4,"genre":0},"輪舞-revolution":{"BAS":2,"ADV":5,"EXP":8,"MAS":10.7,"genre":0},"気ままな天使たち":{"BAS":2,"ADV":5,"EXP":8.5,"MAS":11.2,"genre":0},"ハッピー・ハッピー・フレンズ":{"BAS":3,"ADV":6,"EXP":9,"MAS":12.7,"genre":0},"ストライク・ザ・ブラッド":{"BAS":3,"ADV":7,"EXP":10.9,"MAS":13.7,"genre":0},"徒花ネクロマンシー":{"BAS":3,"ADV":6,"EXP":8.5,"MAS":12.4,"genre":0},"目覚めRETURNER":{"BAS":3,"ADV":5,"EXP":8,"MAS":12.3,"genre":0},"nowhere":{"BAS":2,"ADV":5,"EXP":8,"MAS":10.9,"genre":0},"Bull's Eye":{"BAS":3,"ADV":6,"EXP":9.5,"MAS":13.7,"genre":0}}